panel,year,series,series_order,value
detrended_measures,1963,Detrended Wage Differential,1,0.019480130
detrended_measures,1964,Detrended Wage Differential,1,0.034516851
detrended_measures,1965,Detrended Wage Differential,1,0.040508926
detrended_measures,1966,Detrended Wage Differential,1,0.026043733
detrended_measures,1967,Detrended Wage Differential,1,0.051784495
detrended_measures,1968,Detrended Wage Differential,1,0.052865147
detrended_measures,1969,Detrended Wage Differential,1,0.041072149
detrended_measures,1970,Detrended Wage Differential,1,0.027910629
detrended_measures,1971,Detrended Wage Differential,1,0.044733583
detrended_measures,1972,Detrended Wage Differential,1,0.026915747
detrended_measures,1973,Detrended Wage Differential,1,0.023452618
detrended_measures,1974,Detrended Wage Differential,1,-0.003036978
detrended_measures,1975,Detrended Wage Differential,1,-0.016795975
detrended_measures,1976,Detrended Wage Differential,1,-0.026395999
detrended_measures,1977,Detrended Wage Differential,1,-0.048251215
detrended_measures,1978,Detrended Wage Differential,1,-0.076518459
detrended_measures,1979,Detrended Wage Differential,1,-0.074006819
detrended_measures,1980,Detrended Wage Differential,1,-0.073797826
detrended_measures,1981,Detrended Wage Differential,1,-0.090883716
detrended_measures,1982,Detrended Wage Differential,1,-0.071554983
detrended_measures,1983,Detrended Wage Differential,1,-0.045290176
detrended_measures,1984,Detrended Wage Differential,1,-0.039565131
detrended_measures,1985,Detrended Wage Differential,1,-0.026526833
detrended_measures,1986,Detrended Wage Differential,1,-0.022382026
detrended_measures,1987,Detrended Wage Differential,1,-0.029830084
detrended_measures,1988,Detrended Wage Differential,1,-0.020664658
detrended_measures,1989,Detrended Wage Differential,1,-0.000448054
detrended_measures,1990,Detrended Wage Differential,1,-0.006362603
detrended_measures,1991,Detrended Wage Differential,1,0.011096451
detrended_measures,1992,Detrended Wage Differential,1,0.003851526
detrended_measures,1993,Detrended Wage Differential,1,0.021310581
detrended_measures,1994,Detrended Wage Differential,1,0.020243081
detrended_measures,1995,Detrended Wage Differential,1,0.019298606
detrended_measures,1996,Detrended Wage Differential,1,0.007149887
detrended_measures,1997,Detrended Wage Differential,1,0.006313177
detrended_measures,1998,Detrended Wage Differential,1,0.016218177
detrended_measures,1999,Detrended Wage Differential,1,0.039936196
detrended_measures,2000,Detrended Wage Differential,1,0.029396327
detrended_measures,2001,Detrended Wage Differential,1,0.035294941
detrended_measures,2002,Detrended Wage Differential,1,0.030573915
detrended_measures,2003,Detrended Wage Differential,1,0.002713413
detrended_measures,2004,Detrended Wage Differential,1,0.012063375
detrended_measures,2005,Detrended Wage Differential,1,0.027567874
detrended_measures,1963,Detrended Relative Supply,2,-0.082844744
detrended_measures,1964,Detrended Relative Supply,2,-0.068108066
detrended_measures,1965,Detrended Relative Supply,2,-0.095021564
detrended_measures,1966,Detrended Relative Supply,2,-0.096406274
detrended_measures,1967,Detrended Relative Supply,2,-0.082805660
detrended_measures,1968,Detrended Relative Supply,2,-0.102946581
detrended_measures,1969,Detrended Relative Supply,2,-0.092080450
detrended_measures,1970,Detrended Relative Supply,2,-0.061226974
detrended_measures,1971,Detrended Relative Supply,2,-0.061319216
detrended_measures,1972,Detrended Relative Supply,2,-0.041348774
detrended_measures,1973,Detrended Relative Supply,2,-0.023448043
detrended_measures,1974,Detrended Relative Supply,2,0.007356020
detrended_measures,1975,Detrended Relative Supply,2,0.064324288
detrended_measures,1976,Detrended Relative Supply,2,0.066415036
detrended_measures,1977,Detrended Relative Supply,2,0.060059388
detrended_measures,1978,Detrended Relative Supply,2,0.073176727
detrended_measures,1979,Detrended Relative Supply,2,0.072861533
detrended_measures,1980,Detrended Relative Supply,2,0.075123734
detrended_measures,1981,Detrended Relative Supply,2,0.087688850
detrended_measures,1982,Detrended Relative Supply,2,0.150478912
detrended_measures,1983,Detrended Relative Supply,2,0.141564482
detrended_measures,1984,Detrended Relative Supply,2,0.117606480
detrended_measures,1985,Detrended Relative Supply,2,0.097910866
detrended_measures,1986,Detrended Relative Supply,2,0.092331397
detrended_measures,1987,Detrended Relative Supply,2,0.067704154
detrended_measures,1988,Detrended Relative Supply,2,0.078869225
detrended_measures,1989,Detrended Relative Supply,2,0.052436358
detrended_measures,1990,Detrended Relative Supply,2,0.029464275
detrended_measures,1991,Detrended Relative Supply,2,0.029771840
detrended_measures,1992,Detrended Relative Supply,2,0.050578571
detrended_measures,1993,Detrended Relative Supply,2,0.046858216
detrended_measures,1994,Detrended Relative Supply,2,0.050284607
detrended_measures,1995,Detrended Relative Supply,2,0.009259135
detrended_measures,1996,Detrended Relative Supply,2,-0.020730953
detrended_measures,1997,Detrended Relative Supply,2,-0.029373609
detrended_measures,1998,Detrended Relative Supply,2,-0.034582970
detrended_measures,1999,Detrended Relative Supply,2,-0.044051351
detrended_measures,2000,Detrended Relative Supply,2,-0.063615581
detrended_measures,2001,Detrended Relative Supply,2,-0.066019977
detrended_measures,2002,Detrended Relative Supply,2,-0.073873788
detrended_measures,2003,Detrended Relative Supply,2,-0.092269454
detrended_measures,2004,Detrended Relative Supply,2,-0.136619472
detrended_measures,2005,Detrended Relative Supply,2,-0.153430594
wage_gap_model,1963,Observed CLG/HS Gap,1,0.391351700
wage_gap_model,1964,Observed CLG/HS Gap,1,0.412623882
wage_gap_model,1965,Observed CLG/HS Gap,1,0.424851418
wage_gap_model,1966,Observed CLG/HS Gap,1,0.416621685
wage_gap_model,1967,Observed CLG/HS Gap,1,0.448597908
wage_gap_model,1968,Observed CLG/HS Gap,1,0.455914021
wage_gap_model,1969,Observed CLG/HS Gap,1,0.450356483
wage_gap_model,1970,Observed CLG/HS Gap,1,0.443430424
wage_gap_model,1971,Observed CLG/HS Gap,1,0.466488838
wage_gap_model,1972,Observed CLG/HS Gap,1,0.454906464
wage_gap_model,1973,Observed CLG/HS Gap,1,0.457678795
wage_gap_model,1974,Observed CLG/HS Gap,1,0.437424660
wage_gap_model,1975,Observed CLG/HS Gap,1,0.429901123
wage_gap_model,1976,Observed CLG/HS Gap,1,0.426536560
wage_gap_model,1977,Observed CLG/HS Gap,1,0.410916805
wage_gap_model,1978,Observed CLG/HS Gap,1,0.388885021
wage_gap_model,1979,Observed CLG/HS Gap,1,0.397632122
wage_gap_model,1980,Observed CLG/HS Gap,1,0.404076576
wage_gap_model,1981,Observed CLG/HS Gap,1,0.393226147
wage_gap_model,1982,Observed CLG/HS Gap,1,0.418790340
wage_gap_model,1983,Observed CLG/HS Gap,1,0.451290607
wage_gap_model,1984,Observed CLG/HS Gap,1,0.463251114
wage_gap_model,1985,Observed CLG/HS Gap,1,0.482524872
wage_gap_model,1986,Observed CLG/HS Gap,1,0.492905140
wage_gap_model,1987,Observed CLG/HS Gap,1,0.491692543
wage_gap_model,1988,Observed CLG/HS Gap,1,0.507093430
wage_gap_model,1989,Observed CLG/HS Gap,1,0.533545494
wage_gap_model,1990,Observed CLG/HS Gap,1,0.533866405
wage_gap_model,1991,Observed CLG/HS Gap,1,0.557560921
wage_gap_model,1992,Observed CLG/HS Gap,1,0.556551456
wage_gap_model,1993,Observed CLG/HS Gap,1,0.580245972
wage_gap_model,1994,Observed CLG/HS Gap,1,0.585413933
wage_gap_model,1995,Observed CLG/HS Gap,1,0.590704918
wage_gap_model,1996,Observed CLG/HS Gap,1,0.584791660
wage_gap_model,1997,Observed CLG/HS Gap,1,0.590190411
wage_gap_model,1998,Observed CLG/HS Gap,1,0.606330872
wage_gap_model,1999,Observed CLG/HS Gap,1,0.636284351
wage_gap_model,2000,Observed CLG/HS Gap,1,0.631979942
wage_gap_model,2001,Observed CLG/HS Gap,1,0.644114017
wage_gap_model,2002,Observed CLG/HS Gap,1,0.645628452
wage_gap_model,2003,Observed CLG/HS Gap,1,0.624003410
wage_gap_model,2004,Observed CLG/HS Gap,1,0.639588833
wage_gap_model,2005,Observed CLG/HS Gap,1,0.661328793
wage_gap_model,1963,Katz-Murphy Predicted Wage Gap: 1963-1987 Trend,2,0.401913971
wage_gap_model,1964,Katz-Murphy Predicted Wage Gap: 1963-1987 Trend,2,0.400752187
wage_gap_model,1965,Katz-Murphy Predicted Wage Gap: 1963-1987 Trend,2,0.425060630
wage_gap_model,1966,Katz-Murphy Predicted Wage Gap: 1963-1987 Trend,2,0.433757544
wage_gap_model,1967,Katz-Murphy Predicted Wage Gap: 1963-1987 Trend,2,0.433290482
wage_gap_model,1968,Katz-Murphy Predicted Wage Gap: 1963-1987 Trend,2,0.453457326
wage_gap_model,1969,Katz-Murphy Predicted Wage Gap: 1963-1987 Trend,2,0.454662472
wage_gap_model,1970,Katz-Murphy Predicted Wage Gap: 1963-1987 Trend,2,0.443644822
wage_gap_model,1971,Katz-Murphy Predicted Wage Gap: 1963-1987 Trend,2,0.451551348
wage_gap_model,1972,Katz-Murphy Predicted Wage Gap: 1963-1987 Trend,2,0.447188973
wage_gap_model,1973,Katz-Murphy Predicted Wage Gap: 1963-1987 Trend,2,0.444092274
wage_gap_model,1974,Katz-Murphy Predicted Wage Gap: 1963-1987 Trend,2,0.433104843
wage_gap_model,1975,Katz-Murphy Predicted Wage Gap: 1963-1987 Trend,2,0.406117260
wage_gap_model,1976,Katz-Murphy Predicted Wage Gap: 1963-1987 Trend,2,0.412688822
wage_gap_model,1977,Katz-Murphy Predicted Wage Gap: 1963-1987 Trend,2,0.424425572
wage_gap_model,1978,Katz-Murphy Predicted Wage Gap: 1963-1987 Trend,2,0.424254060
wage_gap_model,1979,Katz-Murphy Predicted Wage Gap: 1963-1987 Trend,2,0.432296902
wage_gap_model,1980,Katz-Murphy Predicted Wage Gap: 1963-1987 Trend,2,0.438763618
wage_gap_model,1981,Katz-Murphy Predicted Wage Gap: 1963-1987 Trend,2,0.438929796
wage_gap_model,1982,Katz-Murphy Predicted Wage Gap: 1963-1987 Trend,2,0.408382058
wage_gap_model,1983,Katz-Murphy Predicted Wage Gap: 1963-1987 Trend,2,0.421683580
wage_gap_model,1984,Katz-Murphy Predicted Wage Gap: 1963-1987 Trend,2,0.444184661
wage_gap_model,1985,Katz-Murphy Predicted Wage Gap: 1963-1987 Trend,2,0.464079171
wage_gap_model,1986,Katz-Murphy Predicted Wage Gap: 1963-1987 Trend,2,0.475341260
wage_gap_model,1987,Katz-Murphy Predicted Wage Gap: 1963-1987 Trend,2,0.498251617
wage_gap_model,1988,Katz-Murphy Predicted Wage Gap: 1963-1987 Trend,2,0.499273956
wage_gap_model,1989,Katz-Murphy Predicted Wage Gap: 1963-1987 Trend,2,0.523288488
wage_gap_model,1990,Katz-Murphy Predicted Wage Gap: 1963-1987 Trend,2,0.545186639
wage_gap_model,1991,Katz-Murphy Predicted Wage Gap: 1963-1987 Trend,2,0.552848697
wage_gap_model,1992,Katz-Murphy Predicted Wage Gap: 1963-1987 Trend,2,0.547974885
wage_gap_model,1993,Katz-Murphy Predicted Wage Gap: 1963-1987 Trend,2,0.558100104
wage_gap_model,1994,Katz-Murphy Predicted Wage Gap: 1963-1987 Trend,2,0.563854873
wage_gap_model,1995,Katz-Murphy Predicted Wage Gap: 1963-1987 Trend,2,0.596793175
wage_gap_model,1996,Katz-Murphy Predicted Wage Gap: 1963-1987 Trend,2,0.622983038
wage_gap_model,1997,Katz-Murphy Predicted Wage Gap: 1963-1987 Trend,2,0.636118352
wage_gap_model,1998,Katz-Murphy Predicted Wage Gap: 1963-1987 Trend,2,0.647154152
wage_gap_model,1999,Katz-Murphy Predicted Wage Gap: 1963-1987 Trend,2,0.660794437
wage_gap_model,2000,Katz-Murphy Predicted Wage Gap: 1963-1987 Trend,2,0.680608571
wage_gap_model,2001,Katz-Murphy Predicted Wage Gap: 1963-1987 Trend,2,0.689929068
wage_gap_model,2002,Katz-Murphy Predicted Wage Gap: 1963-1987 Trend,2,0.702581942
wage_gap_model,2003,Katz-Murphy Predicted Wage Gap: 1963-1987 Trend,2,0.721681535
wage_gap_model,2004,Katz-Murphy Predicted Wage Gap: 1963-1987 Trend,2,0.756652892
wage_gap_model,2005,Katz-Murphy Predicted Wage Gap: 1963-1987 Trend,2,0.774783432
