panel,title,rate,rank,estimate,low,high,status
1,OLS,Replication Rate: 82.4%,0.4329004329004329,-0.24503311258278146,-0.5562913907284768,-0.026490066225165563,Never Significant
1,OLS,Replication Rate: 82.4%,1.0822510822510822,-0.23841059602649006,-0.4503311258278146,-0.026490066225165563,Never Significant
1,OLS,Replication Rate: 82.4%,1.7316017316017316,-0.271523178807947,-0.423841059602649,-0.052980132450331126,Not Replicated
1,OLS,Replication Rate: 82.4%,2.380952380952381,-0.2119205298013245,-0.4370860927152318,0.052980132450331126,Never Significant
1,OLS,Replication Rate: 82.4%,3.0303030303030303,-0.16556291390728478,-0.3576158940397351,0.052980132450331126,Never Significant
1,OLS,Replication Rate: 82.4%,3.67965367965368,-0.10596026490066225,-0.33112582781456956,0.07947019867549669,Not Replicated
1,OLS,Replication Rate: 82.4%,4.329004329004329,-0.13245033112582782,-0.33112582781456956,0.07947019867549669,Not Replicated
1,OLS,Replication Rate: 82.4%,4.978354978354979,-0.1390728476821192,-0.304635761589404,0.07947019867549669,Not Replicated
1,OLS,Replication Rate: 82.4%,5.627705627705628,-0.1456953642384106,-0.2781456953642384,0.07947019867549669,Not Replicated
1,OLS,Replication Rate: 82.4%,6.277056277056277,-0.0728476821192053,-0.31788079470198677,0.15894039735099338,Never Significant
1,OLS,Replication Rate: 82.4%,6.926406926406926,-0.15894039735099338,-0.25165562913907286,0.11920529801324503,Not Replicated
1,OLS,Replication Rate: 82.4%,7.575757575757576,-0.0728476821192053,-0.2781456953642384,0.1986754966887417,Never Significant
1,OLS,Replication Rate: 82.4%,8.225108225108226,-0.019867549668874173,-0.23841059602649006,0.2119205298013245,Never Significant
1,OLS,Replication Rate: 82.4%,8.874458874458876,0.006622516556291391,-0.2119205298013245,0.2119205298013245,Never Significant
1,OLS,Replication Rate: 82.4%,9.523809523809524,0.2119205298013245,-0.2251655629139073,0.2251655629139073,Not Replicated
1,OLS,Replication Rate: 82.4%,10.173160173160174,0.006622516556291391,-0.2251655629139073,0.2251655629139073,Not Replicated
1,OLS,Replication Rate: 82.4%,10.822510822510822,0.052980132450331126,-0.2251655629139073,0.25165562913907286,Never Significant
1,OLS,Replication Rate: 82.4%,11.471861471861471,0.033112582781456956,-0.18543046357615894,0.2251655629139073,Never Significant
1,OLS,Replication Rate: 82.4%,12.121212121212121,0.06622516556291391,-0.1456953642384106,0.2119205298013245,Not Replicated
1,OLS,Replication Rate: 82.4%,12.770562770562771,0.059602649006622516,-0.17218543046357615,0.25165562913907286,Never Significant
1,OLS,Replication Rate: 82.4%,13.41991341991342,0.2251655629139073,-0.11920529801324503,0.23841059602649006,Not Replicated
1,OLS,Replication Rate: 82.4%,14.06926406926407,0.08609271523178808,-0.15894039735099338,0.2781456953642384,Never Significant
1,OLS,Replication Rate: 82.4%,14.71861471861472,0.09271523178807947,-0.10596026490066225,0.304635761589404,Not Replicated
1,OLS,Replication Rate: 82.4%,15.367965367965366,0.13245033112582782,-0.11920529801324503,0.3443708609271523,Never Significant
1,OLS,Replication Rate: 82.4%,16.017316017316016,0.10596026490066225,-0.10596026490066225,0.31788079470198677,Not Replicated
1,OLS,Replication Rate: 82.4%,16.666666666666664,0.1456953642384106,-0.11920529801324503,0.3576158940397351,Never Significant
1,OLS,Replication Rate: 82.4%,17.316017316017316,0.11920529801324503,-0.06622516556291391,0.304635761589404,Not Replicated
1,OLS,Replication Rate: 82.4%,17.965367965367964,0.13245033112582782,-0.09271523178807947,0.3576158940397351,Never Significant
1,OLS,Replication Rate: 82.4%,18.614718614718615,0.304635761589404,-0.09271523178807947,0.304635761589404,Not Replicated
1,OLS,Replication Rate: 82.4%,19.264069264069263,0.13245033112582782,-0.09271523178807947,0.3576158940397351,Not Replicated
1,OLS,Replication Rate: 82.4%,19.913419913419915,0.10596026490066225,-0.07947019867549669,0.3443708609271523,Not Replicated
1,OLS,Replication Rate: 82.4%,20.562770562770563,0.1390728476821192,-0.06622516556291391,0.3443708609271523,Not Replicated
1,OLS,Replication Rate: 82.4%,21.21212121212121,0.1456953642384106,-0.06622516556291391,0.3443708609271523,Never Significant
1,OLS,Replication Rate: 82.4%,21.861471861471863,0.2781456953642384,-0.052980132450331126,0.3708609271523179,Not Replicated
1,OLS,Replication Rate: 82.4%,22.51082251082251,0.17218543046357615,-0.039735099337748346,0.3708609271523179,Not Replicated
1,OLS,Replication Rate: 82.4%,23.160173160173162,0.24503311258278146,-0.039735099337748346,0.3841059602649007,Not Replicated
1,OLS,Replication Rate: 82.4%,23.809523809523807,0.1986754966887417,-0.026490066225165563,0.3973509933774834,Never Significant
1,OLS,Replication Rate: 82.4%,24.458874458874458,0.19205298013245034,-0.026490066225165563,0.3973509933774834,Never Significant
1,OLS,Replication Rate: 82.4%,25.108225108225106,0.19205298013245034,-0.013245033112582781,0.3973509933774834,Not Replicated
1,OLS,Replication Rate: 82.4%,25.757575757575758,0.19205298013245034,0.013245033112582781,0.3841059602649007,Never Significant
1,OLS,Replication Rate: 82.4%,26.406926406926406,0.1986754966887417,0.026490066225165563,0.4105960264900662,Replicated
1,OLS,Replication Rate: 82.4%,27.056277056277057,0.2052980132450331,0.039735099337748346,0.3973509933774834,Replicated
1,OLS,Replication Rate: 82.4%,27.705627705627705,0.2185430463576159,0.026490066225165563,0.4503311258278146,Replicated
1,OLS,Replication Rate: 82.4%,28.354978354978357,0.23841059602649006,0.026490066225165563,0.4503311258278146,Replicated
1,OLS,Replication Rate: 82.4%,29.004329004329005,0.423841059602649,0.026490066225165563,0.4503311258278146,Never Significant
1,OLS,Replication Rate: 82.4%,29.653679653679653,0.24503311258278146,0.039735099337748346,0.4503311258278146,Replicated
1,OLS,Replication Rate: 82.4%,30.303030303030305,0.31125827814569534,0.039735099337748346,0.46357615894039733,Never Significant
1,OLS,Replication Rate: 82.4%,30.952380952380953,0.2119205298013245,0.026490066225165563,0.46357615894039733,Never Significant
1,OLS,Replication Rate: 82.4%,31.601731601731604,0.2582781456953642,0.09271523178807947,0.4503311258278146,Replicated
1,OLS,Replication Rate: 82.4%,32.25108225108225,0.2781456953642384,0.09271523178807947,0.4503311258278146,Replicated
1,OLS,Replication Rate: 82.4%,32.900432900432904,0.2847682119205298,0.052980132450331126,0.4900662251655629,Replicated
1,OLS,Replication Rate: 82.4%,33.549783549783555,0.2847682119205298,0.06622516556291391,0.4768211920529801,Replicated
1,OLS,Replication Rate: 82.4%,34.1991341991342,0.2781456953642384,0.07947019867549669,0.4900662251655629,Replicated
1,OLS,Replication Rate: 82.4%,34.84848484848485,0.2847682119205298,0.052980132450331126,0.5165562913907285,Replicated
1,OLS,Replication Rate: 82.4%,35.4978354978355,0.31125827814569534,0.052980132450331126,0.5298013245033113,Replicated
1,OLS,Replication Rate: 82.4%,36.14718614718615,0.304635761589404,0.06622516556291391,0.5298013245033113,Replicated
1,OLS,Replication Rate: 82.4%,36.79653679653679,0.31125827814569534,0.09271523178807947,0.5165562913907285,Replicated
1,OLS,Replication Rate: 82.4%,37.44588744588744,0.31125827814569534,0.09271523178807947,0.5165562913907285,Replicated
1,OLS,Replication Rate: 82.4%,38.095238095238095,0.304635761589404,0.10596026490066225,0.5165562913907285,Replicated
1,OLS,Replication Rate: 82.4%,38.74458874458874,0.31788079470198677,0.11920529801324503,0.5033112582781457,Replicated
1,OLS,Replication Rate: 82.4%,39.39393939393939,0.31125827814569534,0.13245033112582782,0.4900662251655629,Replicated
1,OLS,Replication Rate: 82.4%,40.04329004329004,0.2980132450331126,0.11920529801324503,0.5165562913907285,Never Significant
1,OLS,Replication Rate: 82.4%,40.692640692640694,0.31788079470198677,0.10596026490066225,0.5298013245033113,Replicated
1,OLS,Replication Rate: 82.4%,41.34199134199134,0.2980132450331126,0.11920529801324503,0.5298013245033113,Never Significant
1,OLS,Replication Rate: 82.4%,41.99134199134199,0.2980132450331126,0.10596026490066225,0.5298013245033113,Never Significant
1,OLS,Replication Rate: 82.4%,42.64069264069264,0.423841059602649,0.10596026490066225,0.5298013245033113,Never Significant
1,OLS,Replication Rate: 82.4%,43.290043290043286,0.31788079470198677,0.10596026490066225,0.5298013245033113,Replicated
1,OLS,Replication Rate: 82.4%,43.93939393939394,0.33774834437086093,0.11920529801324503,0.5298013245033113,Replicated
1,OLS,Replication Rate: 82.4%,44.58874458874459,0.33112582781456956,0.1456953642384106,0.5165562913907285,Replicated
1,OLS,Replication Rate: 82.4%,45.23809523809524,0.33112582781456956,0.13245033112582782,0.5562913907284768,Replicated
1,OLS,Replication Rate: 82.4%,45.887445887445885,0.36423841059602646,0.13245033112582782,0.5562913907284768,Replicated
1,OLS,Replication Rate: 82.4%,46.53679653679654,0.36423841059602646,0.1456953642384106,0.5562913907284768,Replicated
1,OLS,Replication Rate: 82.4%,47.18614718614719,0.3708609271523179,0.18543046357615894,0.543046357615894,Replicated
1,OLS,Replication Rate: 82.4%,47.83549783549784,0.3576158940397351,0.18543046357615894,0.543046357615894,Replicated
1,OLS,Replication Rate: 82.4%,48.484848484848484,0.37748344370860926,0.18543046357615894,0.543046357615894,Replicated
1,OLS,Replication Rate: 82.4%,49.134199134199136,0.3708609271523179,0.15894039735099338,0.5827814569536424,Replicated
1,OLS,Replication Rate: 82.4%,49.78354978354979,0.3708609271523179,0.17218543046357615,0.5827814569536424,Replicated
1,OLS,Replication Rate: 82.4%,50.43290043290043,0.37748344370860926,0.17218543046357615,0.5827814569536424,Replicated
1,OLS,Replication Rate: 82.4%,51.082251082251084,0.3841059602649007,0.17218543046357615,0.5960264900662252,Replicated
1,OLS,Replication Rate: 82.4%,51.73160173160173,0.3841059602649007,0.18543046357615894,0.5960264900662252,Replicated
1,OLS,Replication Rate: 82.4%,52.38095238095239,0.3841059602649007,0.2119205298013245,0.5827814569536424,Replicated
1,OLS,Replication Rate: 82.4%,53.03030303030303,0.39072847682119205,0.18543046357615894,0.5960264900662252,Replicated
1,OLS,Replication Rate: 82.4%,53.67965367965368,0.39072847682119205,0.18543046357615894,0.6225165562913907,Replicated
1,OLS,Replication Rate: 82.4%,54.32900432900433,0.40397350993377484,0.17218543046357615,0.6490066225165563,Replicated
1,OLS,Replication Rate: 82.4%,54.97835497835498,0.41721854304635764,0.17218543046357615,0.6490066225165563,Replicated
1,OLS,Replication Rate: 82.4%,55.62770562770562,0.423841059602649,0.1986754966887417,0.6490066225165563,Replicated
1,OLS,Replication Rate: 82.4%,56.27705627705628,0.423841059602649,0.2119205298013245,0.6357615894039735,Replicated
1,OLS,Replication Rate: 82.4%,56.926406926406926,0.423841059602649,0.2119205298013245,0.6357615894039735,Replicated
1,OLS,Replication Rate: 82.4%,57.57575757575758,0.423841059602649,0.2119205298013245,0.6357615894039735,Replicated
1,OLS,Replication Rate: 82.4%,58.22510822510822,0.423841059602649,0.2251655629139073,0.6357615894039735,Replicated
1,OLS,Replication Rate: 82.4%,58.87445887445888,0.423841059602649,0.17218543046357615,0.6754966887417219,Replicated
1,OLS,Replication Rate: 82.4%,59.523809523809526,0.423841059602649,0.17218543046357615,0.6754966887417219,Replicated
1,OLS,Replication Rate: 82.4%,60.17316017316018,0.423841059602649,0.2251655629139073,0.6357615894039735,Replicated
1,OLS,Replication Rate: 82.4%,60.82251082251082,0.4304635761589404,0.2119205298013245,0.6357615894039735,Replicated
1,OLS,Replication Rate: 82.4%,61.471861471861466,0.4304635761589404,0.23841059602649006,0.609271523178808,Replicated
1,OLS,Replication Rate: 82.4%,62.121212121212125,0.4370860927152318,0.25165562913907286,0.609271523178808,Replicated
1,OLS,Replication Rate: 82.4%,62.77056277056276,0.4370860927152318,0.2251655629139073,0.6357615894039735,Replicated
1,OLS,Replication Rate: 82.4%,63.41991341991342,0.4370860927152318,0.2251655629139073,0.6357615894039735,Replicated
1,OLS,Replication Rate: 82.4%,64.06926406926407,0.4370860927152318,0.23841059602649006,0.6490066225165563,Replicated
1,OLS,Replication Rate: 82.4%,64.71861471861472,0.4503311258278146,0.2251655629139073,0.6490066225165563,Replicated
1,OLS,Replication Rate: 82.4%,65.36796536796537,0.4503311258278146,0.2119205298013245,0.6887417218543046,Replicated
1,OLS,Replication Rate: 82.4%,66.01731601731602,0.4503311258278146,0.2119205298013245,0.6887417218543046,Replicated
1,OLS,Replication Rate: 82.4%,66.66666666666666,0.4503311258278146,0.25165562913907286,0.6622516556291391,Replicated
1,OLS,Replication Rate: 82.4%,67.31601731601732,0.4768211920529801,0.23841059602649006,0.6622516556291391,Replicated
1,OLS,Replication Rate: 82.4%,67.96536796536796,0.4503311258278146,0.23841059602649006,0.7152317880794702,Replicated
1,OLS,Replication Rate: 82.4%,68.61471861471861,0.48344370860927155,0.23841059602649006,0.7152317880794702,Replicated
1,OLS,Replication Rate: 82.4%,69.26406926406926,0.48344370860927155,0.2781456953642384,0.6887417218543046,Replicated
1,OLS,Replication Rate: 82.4%,69.91341991341992,0.48344370860927155,0.2781456953642384,0.7019867549668874,Replicated
1,OLS,Replication Rate: 82.4%,70.56277056277057,0.4966887417218543,0.2781456953642384,0.7019867549668874,Replicated
1,OLS,Replication Rate: 82.4%,71.21212121212122,0.5099337748344371,0.2913907284768212,0.7152317880794702,Replicated
1,OLS,Replication Rate: 82.4%,71.86147186147186,0.5033112582781457,0.2781456953642384,0.7417218543046358,Replicated
1,OLS,Replication Rate: 82.4%,72.51082251082252,0.5099337748344371,0.26490066225165565,0.7417218543046358,Replicated
1,OLS,Replication Rate: 82.4%,73.16017316017316,0.5099337748344371,0.304635761589404,0.7284768211920529,Replicated
1,OLS,Replication Rate: 82.4%,73.80952380952381,0.5099337748344371,0.2781456953642384,0.7682119205298014,Replicated
1,OLS,Replication Rate: 82.4%,74.45887445887446,0.5364238410596026,0.2781456953642384,0.7682119205298014,Replicated
1,OLS,Replication Rate: 82.4%,75.10822510822511,0.5298013245033113,0.304635761589404,0.7417218543046358,Replicated
1,OLS,Replication Rate: 82.4%,75.75757575757575,0.5231788079470199,0.2781456953642384,0.7682119205298014,Replicated
1,OLS,Replication Rate: 82.4%,76.40692640692642,0.5298013245033113,0.2781456953642384,0.7814569536423841,Replicated
1,OLS,Replication Rate: 82.4%,77.05627705627705,0.5298013245033113,0.3443708609271523,0.7152317880794702,Replicated
1,OLS,Replication Rate: 82.4%,77.7056277056277,0.5364238410596026,0.2913907284768212,0.7152317880794702,Replicated
1,OLS,Replication Rate: 82.4%,78.35497835497836,0.5298013245033113,0.2781456953642384,0.7814569536423841,Replicated
1,OLS,Replication Rate: 82.4%,79.004329004329,0.543046357615894,0.3443708609271523,0.7284768211920529,Replicated
1,OLS,Replication Rate: 82.4%,79.65367965367966,0.543046357615894,0.3576158940397351,0.7284768211920529,Replicated
1,OLS,Replication Rate: 82.4%,80.3030303030303,0.5629139072847682,0.3576158940397351,0.7814569536423841,Replicated
1,OLS,Replication Rate: 82.4%,80.95238095238095,0.5629139072847682,0.3708609271523179,0.7682119205298014,Replicated
1,OLS,Replication Rate: 82.4%,81.6017316017316,0.5629139072847682,0.3576158940397351,0.7814569536423841,Replicated
1,OLS,Replication Rate: 82.4%,82.25108225108225,0.5894039735099338,0.3841059602649007,0.7814569536423841,Replicated
1,OLS,Replication Rate: 82.4%,82.90043290043289,0.5827814569536424,0.3708609271523179,0.7947019867549668,Replicated
1,OLS,Replication Rate: 82.4%,83.54978354978356,0.5894039735099338,0.3973509933774834,0.7682119205298014,Replicated
1,OLS,Replication Rate: 82.4%,84.19913419913419,0.5827814569536424,0.3973509933774834,0.8211920529801324,Replicated
1,OLS,Replication Rate: 82.4%,84.84848484848484,0.609271523178808,0.3973509933774834,0.8211920529801324,Replicated
1,OLS,Replication Rate: 82.4%,85.4978354978355,0.6225165562913907,0.3841059602649007,0.8211920529801324,Replicated
1,OLS,Replication Rate: 82.4%,86.14718614718615,0.6490066225165563,0.4370860927152318,0.8609271523178808,Replicated
1,OLS,Replication Rate: 82.4%,86.7965367965368,0.6622516556291391,0.46357615894039733,0.8874172185430463,Replicated
1,OLS,Replication Rate: 82.4%,87.44588744588745,0.6887417218543046,0.5033112582781457,0.8609271523178808,Replicated
1,OLS,Replication Rate: 82.4%,88.09523809523809,0.6887417218543046,0.4900662251655629,0.9139072847682119,Replicated
1,OLS,Replication Rate: 82.4%,88.74458874458875,0.7152317880794702,0.5033112582781457,0.9271523178807947,Replicated
1,OLS,Replication Rate: 82.4%,89.39393939393939,0.7350993377483444,0.5033112582781457,0.9271523178807947,Replicated
1,OLS,Replication Rate: 82.4%,90.04329004329004,0.7218543046357616,0.5165562913907285,0.9271523178807947,Replicated
1,OLS,Replication Rate: 82.4%,90.6926406926407,0.7218543046357616,0.5165562913907285,0.9403973509933775,Replicated
1,OLS,Replication Rate: 82.4%,91.34199134199135,0.7350993377483444,0.5298013245033113,0.9536423841059603,Replicated
1,OLS,Replication Rate: 82.4%,91.991341991342,0.7615894039735099,0.543046357615894,0.9668874172185431,Replicated
1,OLS,Replication Rate: 82.4%,92.64069264069265,0.7549668874172185,0.5562913907284768,0.9801324503311258,Replicated
1,OLS,Replication Rate: 82.4%,93.29004329004329,0.7615894039735099,0.5562913907284768,0.9801324503311258,Replicated
1,OLS,Replication Rate: 82.4%,93.93939393939394,0.7814569536423841,0.5695364238410596,0.9933774834437086,Replicated
1,OLS,Replication Rate: 82.4%,94.58874458874459,0.7947019867549668,0.5695364238410596,0.9933774834437086,Replicated
1,OLS,Replication Rate: 82.4%,95.23809523809523,0.8013245033112583,0.5960264900662252,1.0198675496688743,Replicated
1,OLS,Replication Rate: 82.4%,95.88744588744589,0.8079470198675497,0.5960264900662252,1.0198675496688743,Replicated
1,OLS,Replication Rate: 82.4%,96.53679653679653,0.8211920529801324,0.5960264900662252,1.033112582781457,Replicated
1,OLS,Replication Rate: 82.4%,97.18614718614718,0.8344370860927153,0.609271523178808,1.033112582781457,Replicated
1,OLS,Replication Rate: 82.4%,97.83549783549783,0.8609271523178808,0.6357615894039735,1.0728476821192052,Replicated
1,OLS,Replication Rate: 82.4%,98.48484848484848,0.8940397350993378,0.6622516556291391,1.086092715231788,Replicated
1,OLS,Replication Rate: 82.4%,99.13419913419914,0.9205298013245033,0.6754966887417219,1.1390728476821192,Replicated
1,OLS,Replication Rate: 82.4%,99.78354978354979,1.0066225165562914,0.7152317880794702,1.2450331125827814,Replicated
2,Multiple Testing – Benjamini–Yekutieli,Replication Rate: 75.6%,0.43383947939262474,-0.2185430463576159,-0.5165562913907285,0.039735099337748346,Never Significant
2,Multiple Testing – Benjamini–Yekutieli,Replication Rate: 75.6%,1.0845986984815619,-0.17218543046357615,-0.4768211920529801,0.0,Not Replicated
2,Multiple Testing – Benjamini–Yekutieli,Replication Rate: 75.6%,1.735357917570499,-0.2185430463576159,-0.5165562913907285,0.06622516556291391,Never Significant
2,Multiple Testing – Benjamini–Yekutieli,Replication Rate: 75.6%,2.386117136659436,-0.1456953642384106,-0.4370860927152318,0.13245033112582782,Never Significant
2,Multiple Testing – Benjamini–Yekutieli,Replication Rate: 75.6%,3.036876355748373,-0.013245033112582781,-0.3841059602649007,0.09271523178807947,Not Replicated
2,Multiple Testing – Benjamini–Yekutieli,Replication Rate: 75.6%,3.68763557483731,-0.13245033112582782,-0.4105960264900662,0.15894039735099338,Not Replicated
2,Multiple Testing – Benjamini–Yekutieli,Replication Rate: 75.6%,4.3383947939262475,-0.1390728476821192,-0.3576158940397351,0.11920529801324503,Not Replicated
2,Multiple Testing – Benjamini–Yekutieli,Replication Rate: 75.6%,4.989154013015185,-0.1456953642384106,-0.3443708609271523,0.13245033112582782,Not Replicated
2,Multiple Testing – Benjamini–Yekutieli,Replication Rate: 75.6%,5.639913232104121,-0.052980132450331126,-0.3973509933774834,0.2251655629139073,Never Significant
2,Multiple Testing – Benjamini–Yekutieli,Replication Rate: 75.6%,6.29067245119306,0.07947019867549669,-0.304635761589404,0.17218543046357615,Not Replicated
2,Multiple Testing – Benjamini–Yekutieli,Replication Rate: 75.6%,6.941431670281996,-0.046357615894039736,-0.3443708609271523,0.2119205298013245,Never Significant
2,Multiple Testing – Benjamini–Yekutieli,Replication Rate: 75.6%,7.592190889370933,-0.026490066225165563,-0.304635761589404,0.2781456953642384,Never Significant
2,Multiple Testing – Benjamini–Yekutieli,Replication Rate: 75.6%,8.24295010845987,-0.019867549668874173,-0.2781456953642384,0.2781456953642384,Never Significant
2,Multiple Testing – Benjamini–Yekutieli,Replication Rate: 75.6%,8.893709327548807,-0.26490066225165565,-0.2781456953642384,0.2781456953642384,Not Replicated
2,Multiple Testing – Benjamini–Yekutieli,Replication Rate: 75.6%,9.544468546637743,-0.013245033112582781,-0.304635761589404,0.304635761589404,Not Replicated
2,Multiple Testing – Benjamini–Yekutieli,Replication Rate: 75.6%,10.195227765726681,0.052980132450331126,-0.304635761589404,0.33112582781456956,Never Significant
2,Multiple Testing – Benjamini–Yekutieli,Replication Rate: 75.6%,10.84598698481562,0.039735099337748346,-0.26490066225165565,0.2913907284768212,Never Significant
2,Multiple Testing – Benjamini–Yekutieli,Replication Rate: 75.6%,11.496746203904555,0.06622516556291391,-0.2119205298013245,0.26490066225165565,Not Replicated
2,Multiple Testing – Benjamini–Yekutieli,Replication Rate: 75.6%,12.147505422993492,0.07947019867549669,-0.23841059602649006,0.31788079470198677,Never Significant
2,Multiple Testing – Benjamini–Yekutieli,Replication Rate: 75.6%,12.79826464208243,0.052980132450331126,-0.18543046357615894,0.2913907284768212,Not Replicated
2,Multiple Testing – Benjamini–Yekutieli,Replication Rate: 75.6%,13.449023861171366,0.07947019867549669,-0.2251655629139073,0.3443708609271523,Never Significant
2,Multiple Testing – Benjamini–Yekutieli,Replication Rate: 75.6%,14.099783080260304,0.11920529801324503,-0.18543046357615894,0.3708609271523179,Not Replicated
2,Multiple Testing – Benjamini–Yekutieli,Replication Rate: 75.6%,14.75054229934924,0.1456953642384106,-0.1986754966887417,0.4105960264900662,Never Significant
2,Multiple Testing – Benjamini–Yekutieli,Replication Rate: 75.6%,15.40130151843818,0.09271523178807947,-0.17218543046357615,0.3841059602649007,Not Replicated
2,Multiple Testing – Benjamini–Yekutieli,Replication Rate: 75.6%,16.052060737527114,0.152317880794702,-0.18543046357615894,0.423841059602649,Never Significant
2,Multiple Testing – Benjamini–Yekutieli,Replication Rate: 75.6%,16.702819956616054,0.10596026490066225,-0.11920529801324503,0.3708609271523179,Not Replicated
2,Multiple Testing – Benjamini–Yekutieli,Replication Rate: 75.6%,17.35357917570499,0.12582781456953643,-0.15894039735099338,0.4105960264900662,Never Significant
2,Multiple Testing – Benjamini–Yekutieli,Replication Rate: 75.6%,18.004338394793926,-0.10596026490066225,-0.10596026490066225,0.3708609271523179,Not Replicated
2,Multiple Testing – Benjamini–Yekutieli,Replication Rate: 75.6%,18.655097613882862,0.13245033112582782,-0.18543046357615894,0.4370860927152318,Not Replicated
2,Multiple Testing – Benjamini–Yekutieli,Replication Rate: 75.6%,19.305856832971802,0.1390728476821192,-0.17218543046357615,0.4370860927152318,Not Replicated
2,Multiple Testing – Benjamini–Yekutieli,Replication Rate: 75.6%,19.95661605206074,0.3973509933774834,-0.13245033112582782,0.4105960264900662,Not Replicated
2,Multiple Testing – Benjamini–Yekutieli,Replication Rate: 75.6%,20.607375271149674,0.1390728476821192,-0.13245033112582782,0.423841059602649,Never Significant
2,Multiple Testing – Benjamini–Yekutieli,Replication Rate: 75.6%,21.25813449023861,0.1986754966887417,-0.11920529801324503,0.4370860927152318,Not Replicated
2,Multiple Testing – Benjamini–Yekutieli,Replication Rate: 75.6%,21.908893709327547,0.19205298013245034,-0.11920529801324503,0.4370860927152318,Not Replicated
2,Multiple Testing – Benjamini–Yekutieli,Replication Rate: 75.6%,22.559652928416483,0.39072847682119205,-0.10596026490066225,0.4503311258278146,Not Replicated
2,Multiple Testing – Benjamini–Yekutieli,Replication Rate: 75.6%,23.210412147505423,0.18543046357615894,-0.09271523178807947,0.46357615894039733,Never Significant
2,Multiple Testing – Benjamini–Yekutieli,Replication Rate: 75.6%,23.861171366594363,0.3443708609271523,-0.09271523178807947,0.46357615894039733,Never Significant
2,Multiple Testing – Benjamini–Yekutieli,Replication Rate: 75.6%,24.5119305856833,0.2052980132450331,-0.07947019867549669,0.46357615894039733,Not Replicated
2,Multiple Testing – Benjamini–Yekutieli,Replication Rate: 75.6%,25.16268980477224,-0.052980132450331126,-0.06622516556291391,0.46357615894039733,Not Replicated
2,Multiple Testing – Benjamini–Yekutieli,Replication Rate: 75.6%,25.813449023861175,0.25165562913907286,-0.06622516556291391,0.4768211920529801,Not Replicated
2,Multiple Testing – Benjamini–Yekutieli,Replication Rate: 75.6%,26.46420824295011,0.25165562913907286,-0.06622516556291391,0.4768211920529801,Not Replicated
2,Multiple Testing – Benjamini–Yekutieli,Replication Rate: 75.6%,27.114967462039047,0.2251655629139073,-0.039735099337748346,0.5165562913907285,Not Replicated
2,Multiple Testing – Benjamini–Yekutieli,Replication Rate: 75.6%,27.765726681127983,0.23178807947019867,-0.039735099337748346,0.5165562913907285,Not Replicated
2,Multiple Testing – Benjamini–Yekutieli,Replication Rate: 75.6%,28.41648590021692,0.25165562913907286,-0.039735099337748346,0.5165562913907285,Not Replicated
2,Multiple Testing – Benjamini–Yekutieli,Replication Rate: 75.6%,29.067245119305856,0.25165562913907286,-0.026490066225165563,0.5165562913907285,Not Replicated
2,Multiple Testing – Benjamini–Yekutieli,Replication Rate: 75.6%,29.718004338394792,0.2582781456953642,-0.026490066225165563,0.5165562913907285,Not Replicated
2,Multiple Testing – Benjamini–Yekutieli,Replication Rate: 75.6%,30.36876355748373,0.1986754966887417,-0.039735099337748346,0.5298013245033113,Never Significant
2,Multiple Testing – Benjamini–Yekutieli,Replication Rate: 75.6%,31.019522776572668,0.2582781456953642,-0.026490066225165563,0.5298013245033113,Replicated
2,Multiple Testing – Benjamini–Yekutieli,Replication Rate: 75.6%,31.670281995661604,0.26490066225165565,0.026490066225165563,0.5033112582781457,Replicated
2,Multiple Testing – Benjamini–Yekutieli,Replication Rate: 75.6%,32.32104121475054,0.271523178807947,0.026490066225165563,0.5033112582781457,Replicated
2,Multiple Testing – Benjamini–Yekutieli,Replication Rate: 75.6%,32.97180043383948,0.271523178807947,0.039735099337748346,0.5165562913907285,Replicated
2,Multiple Testing – Benjamini–Yekutieli,Replication Rate: 75.6%,33.622559652928416,0.2781456953642384,0.013245033112582781,0.5562913907284768,Replicated
2,Multiple Testing – Benjamini–Yekutieli,Replication Rate: 75.6%,34.273318872017356,0.2847682119205298,0.013245033112582781,0.5562913907284768,Replicated
2,Multiple Testing – Benjamini–Yekutieli,Replication Rate: 75.6%,34.924078091106296,0.5960264900662252,-0.026490066225165563,0.609271523178808,Not Replicated
2,Multiple Testing – Benjamini–Yekutieli,Replication Rate: 75.6%,35.57483731019523,0.2980132450331126,0.013245033112582781,0.5827814569536424,Replicated
2,Multiple Testing – Benjamini–Yekutieli,Replication Rate: 75.6%,36.22559652928417,0.304635761589404,0.013245033112582781,0.5827814569536424,Replicated
2,Multiple Testing – Benjamini–Yekutieli,Replication Rate: 75.6%,36.8763557483731,0.31125827814569534,0.026490066225165563,0.5827814569536424,Replicated
2,Multiple Testing – Benjamini–Yekutieli,Replication Rate: 75.6%,37.52711496746204,0.304635761589404,0.026490066225165563,0.5827814569536424,Replicated
2,Multiple Testing – Benjamini–Yekutieli,Replication Rate: 75.6%,38.17787418655097,0.304635761589404,0.06622516556291391,0.5695364238410596,Replicated
2,Multiple Testing – Benjamini–Yekutieli,Replication Rate: 75.6%,38.82863340563991,0.31125827814569534,0.06622516556291391,0.5695364238410596,Replicated
2,Multiple Testing – Benjamini–Yekutieli,Replication Rate: 75.6%,39.479392624728845,0.31788079470198677,0.052980132450331126,0.5827814569536424,Replicated
2,Multiple Testing – Benjamini–Yekutieli,Replication Rate: 75.6%,40.130151843817785,0.31788079470198677,0.039735099337748346,0.5960264900662252,Replicated
2,Multiple Testing – Benjamini–Yekutieli,Replication Rate: 75.6%,40.780911062906725,0.31788079470198677,0.039735099337748346,0.5960264900662252,Replicated
2,Multiple Testing – Benjamini–Yekutieli,Replication Rate: 75.6%,41.431670281995665,0.31788079470198677,0.039735099337748346,0.609271523178808,Never Significant
2,Multiple Testing – Benjamini–Yekutieli,Replication Rate: 75.6%,42.0824295010846,0.2781456953642384,0.039735099337748346,0.609271523178808,Never Significant
2,Multiple Testing – Benjamini–Yekutieli,Replication Rate: 75.6%,42.73318872017354,0.31788079470198677,0.039735099337748346,0.5960264900662252,Replicated
2,Multiple Testing – Benjamini–Yekutieli,Replication Rate: 75.6%,43.38394793926248,0.32450331125827814,0.039735099337748346,0.5960264900662252,Replicated
2,Multiple Testing – Benjamini–Yekutieli,Replication Rate: 75.6%,44.03470715835141,0.33774834437086093,0.07947019867549669,0.5695364238410596,Replicated
2,Multiple Testing – Benjamini–Yekutieli,Replication Rate: 75.6%,44.68546637744035,0.3443708609271523,0.06622516556291391,0.6225165562913907,Replicated
2,Multiple Testing – Benjamini–Yekutieli,Replication Rate: 75.6%,45.33622559652928,0.3443708609271523,0.06622516556291391,0.6225165562913907,Replicated
2,Multiple Testing – Benjamini–Yekutieli,Replication Rate: 75.6%,45.98698481561822,0.36423841059602646,0.07947019867549669,0.6357615894039735,Replicated
2,Multiple Testing – Benjamini–Yekutieli,Replication Rate: 75.6%,46.637744034707154,0.3576158940397351,0.11920529801324503,0.5960264900662252,Replicated
2,Multiple Testing – Benjamini–Yekutieli,Replication Rate: 75.6%,47.288503253796094,0.3576158940397351,0.11920529801324503,0.5960264900662252,Replicated
2,Multiple Testing – Benjamini–Yekutieli,Replication Rate: 75.6%,47.939262472885034,0.3708609271523179,0.11920529801324503,0.609271523178808,Replicated
2,Multiple Testing – Benjamini–Yekutieli,Replication Rate: 75.6%,48.590021691973966,0.37748344370860926,0.09271523178807947,0.6490066225165563,Replicated
2,Multiple Testing – Benjamini–Yekutieli,Replication Rate: 75.6%,49.240780911062906,0.37748344370860926,0.09271523178807947,0.6490066225165563,Replicated
2,Multiple Testing – Benjamini–Yekutieli,Replication Rate: 75.6%,49.891540130151846,0.36423841059602646,0.10596026490066225,0.6622516556291391,Replicated
2,Multiple Testing – Benjamini–Yekutieli,Replication Rate: 75.6%,50.542299349240785,0.37748344370860926,0.09271523178807947,0.6622516556291391,Replicated
2,Multiple Testing – Benjamini–Yekutieli,Replication Rate: 75.6%,51.19305856832972,0.3841059602649007,0.11920529801324503,0.6490066225165563,Replicated
2,Multiple Testing – Benjamini–Yekutieli,Replication Rate: 75.6%,51.84381778741866,0.3841059602649007,0.13245033112582782,0.6622516556291391,Replicated
2,Multiple Testing – Benjamini–Yekutieli,Replication Rate: 75.6%,52.49457700650759,0.39072847682119205,0.11920529801324503,0.6622516556291391,Replicated
2,Multiple Testing – Benjamini–Yekutieli,Replication Rate: 75.6%,53.14533622559653,0.39072847682119205,0.11920529801324503,0.6887417218543046,Replicated
2,Multiple Testing – Benjamini–Yekutieli,Replication Rate: 75.6%,53.79609544468546,0.4105960264900662,0.10596026490066225,0.7284768211920529,Replicated
2,Multiple Testing – Benjamini–Yekutieli,Replication Rate: 75.6%,54.4468546637744,0.4105960264900662,0.10596026490066225,0.7284768211920529,Replicated
2,Multiple Testing – Benjamini–Yekutieli,Replication Rate: 75.6%,55.09761388286334,0.41721854304635764,0.10596026490066225,0.7417218543046358,Replicated
2,Multiple Testing – Benjamini–Yekutieli,Replication Rate: 75.6%,55.748373101952275,0.41721854304635764,0.18543046357615894,0.6887417218543046,Replicated
2,Multiple Testing – Benjamini–Yekutieli,Replication Rate: 75.6%,56.399132321041215,0.423841059602649,0.1456953642384106,0.7019867549668874,Replicated
2,Multiple Testing – Benjamini–Yekutieli,Replication Rate: 75.6%,57.04989154013015,0.423841059602649,0.1456953642384106,0.7019867549668874,Replicated
2,Multiple Testing – Benjamini–Yekutieli,Replication Rate: 75.6%,57.70065075921909,0.423841059602649,0.1456953642384106,0.7019867549668874,Replicated
2,Multiple Testing – Benjamini–Yekutieli,Replication Rate: 75.6%,58.35140997830802,0.423841059602649,0.10596026490066225,0.7549668874172185,Replicated
2,Multiple Testing – Benjamini–Yekutieli,Replication Rate: 75.6%,59.00216919739696,0.423841059602649,0.09271523178807947,0.7549668874172185,Replicated
2,Multiple Testing – Benjamini–Yekutieli,Replication Rate: 75.6%,59.65292841648589,0.423841059602649,0.15894039735099338,0.6887417218543046,Replicated
2,Multiple Testing – Benjamini–Yekutieli,Replication Rate: 75.6%,60.30368763557483,0.4304635761589404,0.1456953642384106,0.7019867549668874,Replicated
2,Multiple Testing – Benjamini–Yekutieli,Replication Rate: 75.6%,60.95444685466378,0.4370860927152318,0.18543046357615894,0.6754966887417219,Replicated
2,Multiple Testing – Benjamini–Yekutieli,Replication Rate: 75.6%,61.60520607375272,0.4370860927152318,0.18543046357615894,0.6754966887417219,Replicated
2,Multiple Testing – Benjamini–Yekutieli,Replication Rate: 75.6%,62.25596529284165,0.4304635761589404,0.18543046357615894,0.6754966887417219,Replicated
2,Multiple Testing – Benjamini–Yekutieli,Replication Rate: 75.6%,62.90672451193059,0.4304635761589404,0.15894039735099338,0.7019867549668874,Replicated
2,Multiple Testing – Benjamini–Yekutieli,Replication Rate: 75.6%,63.55748373101952,0.4370860927152318,0.17218543046357615,0.7019867549668874,Replicated
2,Multiple Testing – Benjamini–Yekutieli,Replication Rate: 75.6%,64.20824295010846,0.4304635761589404,0.15894039735099338,0.7284768211920529,Replicated
2,Multiple Testing – Benjamini–Yekutieli,Replication Rate: 75.6%,64.8590021691974,0.44370860927152317,0.2119205298013245,0.6887417218543046,Replicated
2,Multiple Testing – Benjamini–Yekutieli,Replication Rate: 75.6%,65.50976138828634,0.4503311258278146,0.13245033112582782,0.7814569536423841,Never Significant
2,Multiple Testing – Benjamini–Yekutieli,Replication Rate: 75.6%,66.16052060737528,0.4503311258278146,0.17218543046357615,0.7284768211920529,Replicated
2,Multiple Testing – Benjamini–Yekutieli,Replication Rate: 75.6%,66.81127982646422,0.46357615894039733,0.2119205298013245,0.6887417218543046,Replicated
2,Multiple Testing – Benjamini–Yekutieli,Replication Rate: 75.6%,67.46203904555314,0.46357615894039733,0.17218543046357615,0.7417218543046358,Replicated
2,Multiple Testing – Benjamini–Yekutieli,Replication Rate: 75.6%,68.11279826464208,0.4768211920529801,0.15894039735099338,0.7947019867549668,Replicated
2,Multiple Testing – Benjamini–Yekutieli,Replication Rate: 75.6%,68.76355748373102,0.4900662251655629,0.23841059602649006,0.7284768211920529,Replicated
2,Multiple Testing – Benjamini–Yekutieli,Replication Rate: 75.6%,69.41431670281996,0.4768211920529801,0.2119205298013245,0.7682119205298014,Replicated
2,Multiple Testing – Benjamini–Yekutieli,Replication Rate: 75.6%,70.06507592190889,0.4900662251655629,0.2119205298013245,0.7682119205298014,Replicated
2,Multiple Testing – Benjamini–Yekutieli,Replication Rate: 75.6%,70.71583514099783,0.48344370860927155,0.2119205298013245,0.7417218543046358,Replicated
2,Multiple Testing – Benjamini–Yekutieli,Replication Rate: 75.6%,71.36659436008676,0.4966887417218543,0.2119205298013245,0.7814569536423841,Replicated
2,Multiple Testing – Benjamini–Yekutieli,Replication Rate: 75.6%,72.0173535791757,0.5033112582781457,0.18543046357615894,0.8211920529801324,Never Significant
2,Multiple Testing – Benjamini–Yekutieli,Replication Rate: 75.6%,72.66811279826464,0.4900662251655629,0.26490066225165565,0.7549668874172185,Replicated
2,Multiple Testing – Benjamini–Yekutieli,Replication Rate: 75.6%,73.31887201735357,0.5165562913907285,0.2251655629139073,0.7947019867549668,Replicated
2,Multiple Testing – Benjamini–Yekutieli,Replication Rate: 75.6%,73.96963123644251,0.5298013245033113,0.18543046357615894,0.847682119205298,Replicated
2,Multiple Testing – Benjamini–Yekutieli,Replication Rate: 75.6%,74.62039045553145,0.5298013245033113,0.2119205298013245,0.8344370860927153,Replicated
2,Multiple Testing – Benjamini–Yekutieli,Replication Rate: 75.6%,75.27114967462039,0.5165562913907285,0.23841059602649006,0.8079470198675497,Replicated
2,Multiple Testing – Benjamini–Yekutieli,Replication Rate: 75.6%,75.92190889370933,0.5298013245033113,0.1986754966887417,0.8609271523178808,Replicated
2,Multiple Testing – Benjamini–Yekutieli,Replication Rate: 75.6%,76.57266811279827,0.5298013245033113,0.1986754966887417,0.7682119205298014,Replicated
2,Multiple Testing – Benjamini–Yekutieli,Replication Rate: 75.6%,77.22342733188721,0.5298013245033113,0.2913907284768212,0.7682119205298014,Replicated
2,Multiple Testing – Benjamini–Yekutieli,Replication Rate: 75.6%,77.87418655097615,0.5298013245033113,0.1986754966887417,0.8741721854304636,Replicated
2,Multiple Testing – Benjamini–Yekutieli,Replication Rate: 75.6%,78.52494577006507,0.5496688741721855,0.2119205298013245,0.8609271523178808,Replicated
2,Multiple Testing – Benjamini–Yekutieli,Replication Rate: 75.6%,79.17570498915401,0.5629139072847682,0.2913907284768212,0.7947019867549668,Replicated
2,Multiple Testing – Benjamini–Yekutieli,Replication Rate: 75.6%,79.82646420824295,0.5562913907284768,0.2913907284768212,0.847682119205298,Replicated
2,Multiple Testing – Benjamini–Yekutieli,Replication Rate: 75.6%,80.4772234273319,0.5629139072847682,0.2913907284768212,0.847682119205298,Replicated
2,Multiple Testing – Benjamini–Yekutieli,Replication Rate: 75.6%,81.12798264642083,0.5629139072847682,0.2913907284768212,0.847682119205298,Replicated
2,Multiple Testing – Benjamini–Yekutieli,Replication Rate: 75.6%,81.77874186550976,0.5960264900662252,0.2913907284768212,0.847682119205298,Replicated
2,Multiple Testing – Benjamini–Yekutieli,Replication Rate: 75.6%,82.4295010845987,0.5960264900662252,0.304635761589404,0.8609271523178808,Replicated
2,Multiple Testing – Benjamini–Yekutieli,Replication Rate: 75.6%,83.08026030368764,0.5894039735099338,0.304635761589404,0.8609271523178808,Replicated
2,Multiple Testing – Benjamini–Yekutieli,Replication Rate: 75.6%,83.73101952277658,0.609271523178808,0.31788079470198677,0.8874172185430463,Replicated
2,Multiple Testing – Benjamini–Yekutieli,Replication Rate: 75.6%,84.3817787418655,0.609271523178808,0.33112582781456956,0.8874172185430463,Replicated
2,Multiple Testing – Benjamini–Yekutieli,Replication Rate: 75.6%,85.03253796095444,0.609271523178808,0.33112582781456956,0.9006622516556292,Replicated
2,Multiple Testing – Benjamini–Yekutieli,Replication Rate: 75.6%,85.68329718004338,0.6490066225165563,0.33112582781456956,0.9271523178807947,Replicated
2,Multiple Testing – Benjamini–Yekutieli,Replication Rate: 75.6%,86.33405639913232,0.6556291390728477,0.3841059602649007,0.9536423841059603,Replicated
2,Multiple Testing – Benjamini–Yekutieli,Replication Rate: 75.6%,86.98481561822126,0.695364238410596,0.3973509933774834,0.9536423841059603,Replicated
2,Multiple Testing – Benjamini–Yekutieli,Replication Rate: 75.6%,87.63557483731019,0.695364238410596,0.423841059602649,0.9801324503311258,Replicated
2,Multiple Testing – Benjamini–Yekutieli,Replication Rate: 75.6%,88.28633405639913,0.695364238410596,0.423841059602649,0.9933774834437086,Replicated
2,Multiple Testing – Benjamini–Yekutieli,Replication Rate: 75.6%,88.93709327548807,0.7218543046357616,0.4370860927152318,0.9933774834437086,Replicated
2,Multiple Testing – Benjamini–Yekutieli,Replication Rate: 75.6%,89.587852494577,0.7152317880794702,0.4370860927152318,0.9933774834437086,Replicated
2,Multiple Testing – Benjamini–Yekutieli,Replication Rate: 75.6%,90.23861171366593,0.7218543046357616,0.4503311258278146,1.0066225165562914,Replicated
2,Multiple Testing – Benjamini–Yekutieli,Replication Rate: 75.6%,90.88937093275487,0.7417218543046358,0.4503311258278146,1.0198675496688743,Replicated
2,Multiple Testing – Benjamini–Yekutieli,Replication Rate: 75.6%,91.54013015184381,0.7483443708609272,0.46357615894039733,1.0463576158940397,Replicated
2,Multiple Testing – Benjamini–Yekutieli,Replication Rate: 75.6%,92.19088937093277,0.7615894039735099,0.4768211920529801,1.0463576158940397,Replicated
2,Multiple Testing – Benjamini–Yekutieli,Replication Rate: 75.6%,92.84164859002169,0.7682119205298014,0.4900662251655629,1.0463576158940397,Replicated
2,Multiple Testing – Benjamini–Yekutieli,Replication Rate: 75.6%,93.49240780911063,0.7682119205298014,0.4900662251655629,1.0596026490066226,Replicated
2,Multiple Testing – Benjamini–Yekutieli,Replication Rate: 75.6%,94.14316702819957,0.7814569536423841,0.4900662251655629,1.0728476821192052,Replicated
2,Multiple Testing – Benjamini–Yekutieli,Replication Rate: 75.6%,94.79392624728851,0.8013245033112583,0.5033112582781457,1.086092715231788,Replicated
2,Multiple Testing – Benjamini–Yekutieli,Replication Rate: 75.6%,95.44468546637745,0.8013245033112583,0.5165562913907285,1.086092715231788,Replicated
2,Multiple Testing – Benjamini–Yekutieli,Replication Rate: 75.6%,96.09544468546638,0.8079470198675497,0.5298013245033113,1.099337748344371,Replicated
2,Multiple Testing – Benjamini–Yekutieli,Replication Rate: 75.6%,96.74620390455532,0.8145695364238411,0.543046357615894,1.1125827814569536,Replicated
2,Multiple Testing – Benjamini–Yekutieli,Replication Rate: 75.6%,97.39696312364426,0.847682119205298,0.543046357615894,1.1390728476821192,Replicated
2,Multiple Testing – Benjamini–Yekutieli,Replication Rate: 75.6%,98.0477223427332,0.8741721854304636,0.5827814569536424,1.1523178807947019,Replicated
2,Multiple Testing – Benjamini–Yekutieli,Replication Rate: 75.6%,98.69848156182212,0.9006622516556292,0.5960264900662252,1.205298013245033,Replicated
2,Multiple Testing – Benjamini–Yekutieli,Replication Rate: 75.6%,99.34924078091106,1.0066225165562914,0.6357615894039735,1.205298013245033,Replicated
3,Empirical Bayes – US,Replication Rate: 82.4%,0.4329004329004329,-0.19333333333333333,-0.48,0.02666666666666667,Never Significant
3,Empirical Bayes – US,Replication Rate: 82.4%,1.0822510822510822,-0.2,-0.37333333333333335,0.013333333333333334,Never Significant
3,Empirical Bayes – US,Replication Rate: 82.4%,1.7316017316017316,-0.22666666666666666,-0.36,-0.02666666666666667,Not Replicated
3,Empirical Bayes – US,Replication Rate: 82.4%,2.380952380952381,-0.14666666666666667,-0.36,0.09333333333333334,Never Significant
3,Empirical Bayes – US,Replication Rate: 82.4%,3.0303030303030303,-0.12,-0.29333333333333333,0.09333333333333334,Never Significant
3,Empirical Bayes – US,Replication Rate: 82.4%,3.67965367965368,-0.05333333333333334,-0.26666666666666666,0.12,Not Replicated
3,Empirical Bayes – US,Replication Rate: 82.4%,4.329004329004329,-0.1,-0.30666666666666664,0.12,Not Replicated
3,Empirical Bayes – US,Replication Rate: 82.4%,4.978354978354979,-0.10666666666666667,-0.30666666666666664,0.08,Not Replicated
3,Empirical Bayes – US,Replication Rate: 82.4%,5.627705627705628,-0.08,-0.25333333333333335,0.09333333333333334,Not Replicated
3,Empirical Bayes – US,Replication Rate: 82.4%,6.277056277056277,-0.04,-0.22666666666666666,0.18666666666666668,Never Significant
3,Empirical Bayes – US,Replication Rate: 82.4%,6.926406926406926,-0.08666666666666667,-0.25333333333333335,0.08,Not Replicated
3,Empirical Bayes – US,Replication Rate: 82.4%,7.575757575757576,-0.04,-0.21333333333333335,0.24,Never Significant
3,Empirical Bayes – US,Replication Rate: 82.4%,8.225108225108226,0.04,-0.16,0.24,Never Significant
3,Empirical Bayes – US,Replication Rate: 82.4%,8.874458874458876,0.013333333333333334,-0.16,0.22666666666666666,Never Significant
3,Empirical Bayes – US,Replication Rate: 82.4%,9.523809523809524,-0.02666666666666667,-0.16,0.25333333333333335,Not Replicated
3,Empirical Bayes – US,Replication Rate: 82.4%,10.173160173160174,0.03333333333333333,-0.16,0.25333333333333335,Not Replicated
3,Empirical Bayes – US,Replication Rate: 82.4%,10.822510822510822,0.22666666666666666,-0.18666666666666668,0.25333333333333335,Never Significant
3,Empirical Bayes – US,Replication Rate: 82.4%,11.471861471861471,0.03333333333333333,-0.13333333333333333,0.25333333333333335,Never Significant
3,Empirical Bayes – US,Replication Rate: 82.4%,12.121212121212121,0.013333333333333334,-0.13333333333333333,0.21333333333333335,Not Replicated
3,Empirical Bayes – US,Replication Rate: 82.4%,12.770562770562771,0.06666666666666667,-0.12,0.26666666666666666,Never Significant
3,Empirical Bayes – US,Replication Rate: 82.4%,13.41991341991342,0.04,-0.10666666666666667,0.24,Not Replicated
3,Empirical Bayes – US,Replication Rate: 82.4%,14.06926406926407,0.06666666666666667,-0.09333333333333334,0.30666666666666664,Never Significant
3,Empirical Bayes – US,Replication Rate: 82.4%,14.71861471861472,0.03333333333333333,-0.13333333333333333,0.24,Not Replicated
3,Empirical Bayes – US,Replication Rate: 82.4%,15.367965367965366,0.16,-0.08,0.3466666666666667,Never Significant
3,Empirical Bayes – US,Replication Rate: 82.4%,16.017316017316016,0.13333333333333333,-0.06666666666666667,0.32,Not Replicated
3,Empirical Bayes – US,Replication Rate: 82.4%,16.666666666666664,0.08,-0.13333333333333333,0.29333333333333333,Never Significant
3,Empirical Bayes – US,Replication Rate: 82.4%,17.316017316017316,0.18,-0.08,0.25333333333333335,Not Replicated
3,Empirical Bayes – US,Replication Rate: 82.4%,17.965367965367964,0.16666666666666666,-0.04,0.3466666666666667,Never Significant
3,Empirical Bayes – US,Replication Rate: 82.4%,18.614718614718615,0.09333333333333334,-0.02666666666666667,0.36,Not Replicated
3,Empirical Bayes – US,Replication Rate: 82.4%,19.264069264069263,0.14,-0.06666666666666667,0.36,Not Replicated
3,Empirical Bayes – US,Replication Rate: 82.4%,19.913419913419915,0.09333333333333334,-0.09333333333333334,0.29333333333333333,Not Replicated
3,Empirical Bayes – US,Replication Rate: 82.4%,20.562770562770563,0.10666666666666667,-0.05333333333333334,0.3333333333333333,Not Replicated
3,Empirical Bayes – US,Replication Rate: 82.4%,21.21212121212121,0.15333333333333332,-0.02666666666666667,0.36,Never Significant
3,Empirical Bayes – US,Replication Rate: 82.4%,21.861471861471863,0.21333333333333335,-0.02666666666666667,0.3466666666666667,Not Replicated
3,Empirical Bayes – US,Replication Rate: 82.4%,22.51082251082251,0.16,-0.013333333333333334,0.36,Not Replicated
3,Empirical Bayes – US,Replication Rate: 82.4%,23.160173160173162,0.13333333333333333,-0.06666666666666667,0.32,Not Replicated
3,Empirical Bayes – US,Replication Rate: 82.4%,23.809523809523807,0.21333333333333335,-0.04,0.38666666666666666,Never Significant
3,Empirical Bayes – US,Replication Rate: 82.4%,24.458874458874458,0.18666666666666668,-0.04,0.4,Replicated
3,Empirical Bayes – US,Replication Rate: 82.4%,25.108225108225106,0.18,0.013333333333333334,0.4,Replicated
3,Empirical Bayes – US,Replication Rate: 82.4%,25.757575757575758,0.16,-0.013333333333333334,0.3333333333333333,Never Significant
3,Empirical Bayes – US,Replication Rate: 82.4%,26.406926406926406,0.19333333333333333,-0.02666666666666667,0.36,Not Replicated
3,Empirical Bayes – US,Replication Rate: 82.4%,27.056277056277057,0.17333333333333334,0.02666666666666667,0.36,Replicated
3,Empirical Bayes – US,Replication Rate: 82.4%,27.705627705627705,0.2,0.0,0.37333333333333335,Replicated
3,Empirical Bayes – US,Replication Rate: 82.4%,28.354978354978357,0.24,0.04,0.44,Replicated
3,Empirical Bayes – US,Replication Rate: 82.4%,29.004329004329005,0.30666666666666664,0.05333333333333334,0.44,Never Significant
3,Empirical Bayes – US,Replication Rate: 82.4%,29.653679653679653,0.24666666666666667,0.05333333333333334,0.4533333333333333,Replicated
3,Empirical Bayes – US,Replication Rate: 82.4%,30.303030303030305,0.18666666666666668,0.013333333333333334,0.4266666666666667,Never Significant
3,Empirical Bayes – US,Replication Rate: 82.4%,30.952380952380953,0.2,0.0,0.4,Replicated
3,Empirical Bayes – US,Replication Rate: 82.4%,31.601731601731604,0.24666666666666667,0.08,0.41333333333333333,Replicated
3,Empirical Bayes – US,Replication Rate: 82.4%,32.25108225108225,0.25333333333333335,0.08,0.44,Replicated
3,Empirical Bayes – US,Replication Rate: 82.4%,32.900432900432904,0.24,0.013333333333333334,0.44,Replicated
3,Empirical Bayes – US,Replication Rate: 82.4%,33.549783549783555,0.23333333333333334,0.06666666666666667,0.4,Replicated
3,Empirical Bayes – US,Replication Rate: 82.4%,34.1991341991342,0.24,0.04,0.4266666666666667,Replicated
3,Empirical Bayes – US,Replication Rate: 82.4%,34.84848484848485,0.24,0.02666666666666667,0.4533333333333333,Replicated
3,Empirical Bayes – US,Replication Rate: 82.4%,35.4978354978355,0.26,0.02666666666666667,0.52,Replicated
3,Empirical Bayes – US,Replication Rate: 82.4%,36.14718614718615,0.25333333333333335,0.05333333333333334,0.5066666666666667,Replicated
3,Empirical Bayes – US,Replication Rate: 82.4%,36.79653679653679,0.25333333333333335,0.06666666666666667,0.4533333333333333,Replicated
3,Empirical Bayes – US,Replication Rate: 82.4%,37.44588744588744,0.26,0.06666666666666667,0.4533333333333333,Replicated
3,Empirical Bayes – US,Replication Rate: 82.4%,38.095238095238095,0.26,0.06666666666666667,0.4533333333333333,Replicated
3,Empirical Bayes – US,Replication Rate: 82.4%,38.74458874458874,0.2733333333333333,0.09333333333333334,0.44,Replicated
3,Empirical Bayes – US,Replication Rate: 82.4%,39.39393939393939,0.2866666666666667,0.09333333333333334,0.4666666666666667,Replicated
3,Empirical Bayes – US,Replication Rate: 82.4%,40.04329004329004,0.3,0.12,0.48,Replicated
3,Empirical Bayes – US,Replication Rate: 82.4%,40.692640692640694,0.2866666666666667,0.08,0.4666666666666667,Replicated
3,Empirical Bayes – US,Replication Rate: 82.4%,41.34199134199134,0.28,0.08,0.4666666666666667,Replicated
3,Empirical Bayes – US,Replication Rate: 82.4%,41.99134199134199,0.2733333333333333,0.08,0.4666666666666667,Never Significant
3,Empirical Bayes – US,Replication Rate: 82.4%,42.64069264069264,0.32,0.09333333333333334,0.52,Never Significant
3,Empirical Bayes – US,Replication Rate: 82.4%,43.290043290043286,0.32,0.12,0.52,Replicated
3,Empirical Bayes – US,Replication Rate: 82.4%,43.93939393939394,0.32666666666666666,0.12,0.5066666666666667,Replicated
3,Empirical Bayes – US,Replication Rate: 82.4%,44.58874458874459,0.30666666666666664,0.14666666666666667,0.5066666666666667,Replicated
3,Empirical Bayes – US,Replication Rate: 82.4%,45.23809523809524,0.3,0.09333333333333334,0.5066666666666667,Replicated
3,Empirical Bayes – US,Replication Rate: 82.4%,45.887445887445885,0.3,0.09333333333333334,0.49333333333333335,Replicated
3,Empirical Bayes – US,Replication Rate: 82.4%,46.53679653679654,0.32,0.10666666666666667,0.48,Replicated
3,Empirical Bayes – US,Replication Rate: 82.4%,47.18614718614719,0.31333333333333335,0.14666666666666667,0.5066666666666667,Replicated
3,Empirical Bayes – US,Replication Rate: 82.4%,47.83549783549784,0.32,0.14666666666666667,0.5066666666666667,Replicated
3,Empirical Bayes – US,Replication Rate: 82.4%,48.484848484848484,0.32666666666666666,0.14666666666666667,0.52,Replicated
3,Empirical Bayes – US,Replication Rate: 82.4%,49.134199134199136,0.3333333333333333,0.17333333333333334,0.56,Replicated
3,Empirical Bayes – US,Replication Rate: 82.4%,49.78354978354979,0.34,0.16,0.56,Replicated
3,Empirical Bayes – US,Replication Rate: 82.4%,50.43290043290043,0.34,0.14666666666666667,0.5733333333333334,Replicated
3,Empirical Bayes – US,Replication Rate: 82.4%,51.082251082251084,0.32666666666666666,0.17333333333333334,0.5733333333333334,Replicated
3,Empirical Bayes – US,Replication Rate: 82.4%,51.73160173160173,0.3333333333333333,0.14666666666666667,0.52,Replicated
3,Empirical Bayes – US,Replication Rate: 82.4%,52.38095238095239,0.3333333333333333,0.18666666666666668,0.5333333333333333,Replicated
3,Empirical Bayes – US,Replication Rate: 82.4%,53.03030303030303,0.3466666666666667,0.14666666666666667,0.5333333333333333,Replicated
3,Empirical Bayes – US,Replication Rate: 82.4%,53.67965367965368,0.35333333333333333,0.14666666666666667,0.5866666666666667,Replicated
3,Empirical Bayes – US,Replication Rate: 82.4%,54.32900432900433,0.36666666666666664,0.13333333333333333,0.6,Replicated
3,Empirical Bayes – US,Replication Rate: 82.4%,54.97835497835498,0.38666666666666666,0.13333333333333333,0.6,Replicated
3,Empirical Bayes – US,Replication Rate: 82.4%,55.62770562770562,0.38666666666666666,0.18666666666666668,0.5866666666666667,Replicated
3,Empirical Bayes – US,Replication Rate: 82.4%,56.27705627705628,0.38666666666666666,0.21333333333333335,0.6133333333333333,Replicated
3,Empirical Bayes – US,Replication Rate: 82.4%,56.926406926406926,0.38666666666666666,0.18666666666666668,0.6133333333333333,Replicated
3,Empirical Bayes – US,Replication Rate: 82.4%,57.57575757575758,0.38,0.17333333333333334,0.5733333333333334,Replicated
3,Empirical Bayes – US,Replication Rate: 82.4%,58.22510822510822,0.38,0.17333333333333334,0.5733333333333334,Replicated
3,Empirical Bayes – US,Replication Rate: 82.4%,58.87445887445888,0.38,0.13333333333333333,0.5733333333333334,Replicated
3,Empirical Bayes – US,Replication Rate: 82.4%,59.523809523809526,0.38666666666666666,0.13333333333333333,0.5733333333333334,Replicated
3,Empirical Bayes – US,Replication Rate: 82.4%,60.17316017316018,0.38666666666666666,0.2,0.6,Replicated
3,Empirical Bayes – US,Replication Rate: 82.4%,60.82251082251082,0.3933333333333333,0.2,0.6,Replicated
3,Empirical Bayes – US,Replication Rate: 82.4%,61.471861471861466,0.41333333333333333,0.2,0.5733333333333334,Replicated
3,Empirical Bayes – US,Replication Rate: 82.4%,62.121212121212125,0.38666666666666666,0.21333333333333335,0.5733333333333334,Replicated
3,Empirical Bayes – US,Replication Rate: 82.4%,62.77056277056276,0.38666666666666666,0.18666666666666668,0.56,Replicated
3,Empirical Bayes – US,Replication Rate: 82.4%,63.41991341991342,0.38666666666666666,0.18666666666666668,0.5733333333333334,Replicated
3,Empirical Bayes – US,Replication Rate: 82.4%,64.06926406926407,0.4066666666666667,0.18666666666666668,0.5733333333333334,Replicated
3,Empirical Bayes – US,Replication Rate: 82.4%,64.71861471861472,0.3933333333333333,0.18666666666666668,0.5733333333333334,Replicated
3,Empirical Bayes – US,Replication Rate: 82.4%,65.36796536796537,0.38666666666666666,0.16,0.6,Replicated
3,Empirical Bayes – US,Replication Rate: 82.4%,66.01731601731602,0.38666666666666666,0.17333333333333334,0.6,Replicated
3,Empirical Bayes – US,Replication Rate: 82.4%,66.66666666666666,0.3933333333333333,0.2,0.5866666666666667,Replicated
3,Empirical Bayes – US,Replication Rate: 82.4%,67.31601731601732,0.4,0.2,0.5866666666666667,Replicated
3,Empirical Bayes – US,Replication Rate: 82.4%,67.96536796536796,0.4066666666666667,0.2,0.6533333333333333,Replicated
3,Empirical Bayes – US,Replication Rate: 82.4%,68.61471861471861,0.44,0.22666666666666666,0.6533333333333333,Replicated
3,Empirical Bayes – US,Replication Rate: 82.4%,69.26406926406926,0.4266666666666667,0.22666666666666666,0.6133333333333333,Replicated
3,Empirical Bayes – US,Replication Rate: 82.4%,69.91341991341992,0.44,0.22666666666666666,0.6133333333333333,Replicated
3,Empirical Bayes – US,Replication Rate: 82.4%,70.56277056277057,0.46,0.24,0.64,Replicated
3,Empirical Bayes – US,Replication Rate: 82.4%,71.21212121212122,0.46,0.28,0.68,Replicated
3,Empirical Bayes – US,Replication Rate: 82.4%,71.86147186147186,0.4666666666666667,0.25333333333333335,0.68,Replicated
3,Empirical Bayes – US,Replication Rate: 82.4%,72.51082251082252,0.4666666666666667,0.24,0.68,Never Significant
3,Empirical Bayes – US,Replication Rate: 82.4%,73.16017316017316,0.4533333333333333,0.28,0.68,Replicated
3,Empirical Bayes – US,Replication Rate: 82.4%,73.80952380952381,0.46,0.22666666666666666,0.68,Replicated
3,Empirical Bayes – US,Replication Rate: 82.4%,74.45887445887446,0.4533333333333333,0.22666666666666666,0.6666666666666666,Replicated
3,Empirical Bayes – US,Replication Rate: 82.4%,75.10822510822511,0.46,0.26666666666666666,0.6933333333333334,Replicated
3,Empirical Bayes – US,Replication Rate: 82.4%,75.75757575757575,0.48,0.22666666666666666,0.7066666666666667,Replicated
3,Empirical Bayes – US,Replication Rate: 82.4%,76.40692640692642,0.4866666666666667,0.22666666666666666,0.6666666666666666,Replicated
3,Empirical Bayes – US,Replication Rate: 82.4%,77.05627705627705,0.5,0.32,0.6666666666666666,Replicated
3,Empirical Bayes – US,Replication Rate: 82.4%,77.7056277056277,0.5066666666666667,0.32,0.68,Replicated
3,Empirical Bayes – US,Replication Rate: 82.4%,78.35497835497836,0.48,0.22666666666666666,0.68,Replicated
3,Empirical Bayes – US,Replication Rate: 82.4%,79.004329004329,0.49333333333333335,0.30666666666666664,0.6933333333333334,Replicated
3,Empirical Bayes – US,Replication Rate: 82.4%,79.65367965367966,0.5066666666666667,0.30666666666666664,0.7066666666666667,Replicated
3,Empirical Bayes – US,Replication Rate: 82.4%,80.3030303030303,0.5,0.30666666666666664,0.6933333333333334,Replicated
3,Empirical Bayes – US,Replication Rate: 82.4%,80.95238095238095,0.5066666666666667,0.3333333333333333,0.72,Replicated
3,Empirical Bayes – US,Replication Rate: 82.4%,81.6017316017316,0.5266666666666666,0.3333333333333333,0.72,Replicated
3,Empirical Bayes – US,Replication Rate: 82.4%,82.25108225108225,0.52,0.3333333333333333,0.6933333333333334,Replicated
3,Empirical Bayes – US,Replication Rate: 82.4%,82.90043290043289,0.5333333333333333,0.32,0.7066666666666667,Replicated
3,Empirical Bayes – US,Replication Rate: 82.4%,83.54978354978356,0.54,0.3466666666666667,0.72,Replicated
3,Empirical Bayes – US,Replication Rate: 82.4%,84.19913419913419,0.54,0.3466666666666667,0.76,Replicated
3,Empirical Bayes – US,Replication Rate: 82.4%,84.84848484848484,0.5666666666666667,0.38666666666666666,0.7733333333333333,Replicated
3,Empirical Bayes – US,Replication Rate: 82.4%,85.4978354978355,0.5666666666666667,0.37333333333333335,0.7733333333333333,Replicated
3,Empirical Bayes – US,Replication Rate: 82.4%,86.14718614718615,0.58,0.37333333333333335,0.7733333333333333,Replicated
3,Empirical Bayes – US,Replication Rate: 82.4%,86.7965367965368,0.6133333333333333,0.4266666666666667,0.8266666666666667,Replicated
3,Empirical Bayes – US,Replication Rate: 82.4%,87.44588744588745,0.6333333333333333,0.4666666666666667,0.8133333333333334,Replicated
3,Empirical Bayes – US,Replication Rate: 82.4%,88.09523809523809,0.6266666666666667,0.4266666666666667,0.8266666666666667,Replicated
3,Empirical Bayes – US,Replication Rate: 82.4%,88.74458874458875,0.6466666666666666,0.4666666666666667,0.8666666666666667,Replicated
3,Empirical Bayes – US,Replication Rate: 82.4%,89.39393939393939,0.66,0.44,0.84,Replicated
3,Empirical Bayes – US,Replication Rate: 82.4%,90.04329004329004,0.6666666666666666,0.48,0.88,Replicated
3,Empirical Bayes – US,Replication Rate: 82.4%,90.6926406926407,0.6733333333333333,0.4533333333333333,0.8533333333333334,Replicated
3,Empirical Bayes – US,Replication Rate: 82.4%,91.34199134199135,0.68,0.49333333333333335,0.8933333333333333,Replicated
3,Empirical Bayes – US,Replication Rate: 82.4%,91.991341991342,0.6933333333333334,0.5066666666666667,0.9066666666666666,Replicated
3,Empirical Bayes – US,Replication Rate: 82.4%,92.64069264069265,0.72,0.49333333333333335,0.8933333333333333,Replicated
3,Empirical Bayes – US,Replication Rate: 82.4%,93.29004329004329,0.7066666666666667,0.52,0.92,Replicated
3,Empirical Bayes – US,Replication Rate: 82.4%,93.93939393939394,0.7,0.49333333333333335,0.92,Replicated
3,Empirical Bayes – US,Replication Rate: 82.4%,94.58874458874459,0.7133333333333334,0.5066666666666667,0.9066666666666666,Replicated
3,Empirical Bayes – US,Replication Rate: 82.4%,95.23809523809523,0.7266666666666667,0.52,0.92,Replicated
3,Empirical Bayes – US,Replication Rate: 82.4%,95.88744588744589,0.74,0.5333333333333333,0.92,Replicated
3,Empirical Bayes – US,Replication Rate: 82.4%,96.53679653679653,0.74,0.56,0.96,Replicated
3,Empirical Bayes – US,Replication Rate: 82.4%,97.18614718614718,0.7533333333333333,0.5466666666666666,0.96,Replicated
3,Empirical Bayes – US,Replication Rate: 82.4%,97.83549783549783,0.7933333333333333,0.56,1.0,Replicated
3,Empirical Bayes – US,Replication Rate: 82.4%,98.48484848484848,0.8133333333333334,0.6133333333333333,1.0133333333333334,Replicated
3,Empirical Bayes – US,Replication Rate: 82.4%,99.13419913419914,0.8333333333333334,0.6266666666666667,1.0266666666666666,Replicated
3,Empirical Bayes – US,Replication Rate: 82.4%,99.78354978354979,0.92,0.64,1.1466666666666667,Replicated
4,Empirical Bayes – Global,Replication Rate: 81.5%,0.43383947939262474,-0.24,-0.4,-0.04,Never Significant
4,Empirical Bayes – Global,Replication Rate: 81.5%,1.0845986984815619,-0.28,-0.38666666666666666,-0.10666666666666667,Not Replicated
4,Empirical Bayes – Global,Replication Rate: 81.5%,1.735357917570499,-0.17333333333333334,-0.3466666666666667,-0.02666666666666667,Never Significant
4,Empirical Bayes – Global,Replication Rate: 81.5%,2.386117136659436,-0.10666666666666667,-0.25333333333333335,0.05333333333333334,Never Significant
4,Empirical Bayes – Global,Replication Rate: 81.5%,3.036876355748373,-0.18666666666666668,-0.30666666666666664,-0.04,Not Replicated
4,Empirical Bayes – Global,Replication Rate: 81.5%,3.68763557483731,-0.12,-0.29333333333333333,0.05333333333333334,Not Replicated
4,Empirical Bayes – Global,Replication Rate: 81.5%,4.3383947939262475,-0.11333333333333333,-0.25333333333333335,0.02666666666666667,Not Replicated
4,Empirical Bayes – Global,Replication Rate: 81.5%,4.989154013015185,-0.12,-0.17333333333333334,0.13333333333333333,Not Replicated
4,Empirical Bayes – Global,Replication Rate: 81.5%,5.639913232104121,-0.04,-0.21333333333333335,0.16,Never Significant
4,Empirical Bayes – Global,Replication Rate: 81.5%,6.29067245119306,-0.08666666666666667,-0.21333333333333335,0.06666666666666667,Not Replicated
4,Empirical Bayes – Global,Replication Rate: 81.5%,6.941431670281996,-0.02,-0.2,0.16,Never Significant
4,Empirical Bayes – Global,Replication Rate: 81.5%,7.592190889370933,-0.05333333333333334,-0.24,0.10666666666666667,Never Significant
4,Empirical Bayes – Global,Replication Rate: 81.5%,8.24295010845987,-0.02666666666666667,-0.21333333333333335,0.14666666666666667,Never Significant
4,Empirical Bayes – Global,Replication Rate: 81.5%,8.893709327548807,0.05333333333333334,-0.12,0.18666666666666668,Not Replicated
4,Empirical Bayes – Global,Replication Rate: 81.5%,9.544468546637743,0.04,-0.13333333333333333,0.18666666666666668,Not Replicated
4,Empirical Bayes – Global,Replication Rate: 81.5%,10.195227765726681,-0.08,-0.28,0.12,Never Significant
4,Empirical Bayes – Global,Replication Rate: 81.5%,10.84598698481562,0.07333333333333333,-0.12,0.21333333333333335,Never Significant
4,Empirical Bayes – Global,Replication Rate: 81.5%,11.496746203904555,0.14,-0.02666666666666667,0.28,Not Replicated
4,Empirical Bayes – Global,Replication Rate: 81.5%,12.147505422993492,0.08,-0.09333333333333334,0.22666666666666666,Never Significant
4,Empirical Bayes – Global,Replication Rate: 81.5%,12.79826464208243,0.15333333333333332,0.0,0.30666666666666664,Not Replicated
4,Empirical Bayes – Global,Replication Rate: 81.5%,13.449023861171366,-0.02666666666666667,-0.18666666666666668,0.14666666666666667,Never Significant
4,Empirical Bayes – Global,Replication Rate: 81.5%,14.099783080260304,0.07333333333333333,-0.09333333333333334,0.21333333333333335,Not Replicated
4,Empirical Bayes – Global,Replication Rate: 81.5%,14.75054229934924,0.16,-0.05333333333333334,0.3333333333333333,Never Significant
4,Empirical Bayes – Global,Replication Rate: 81.5%,15.40130151843818,0.06666666666666667,-0.08,0.26666666666666666,Not Replicated
4,Empirical Bayes – Global,Replication Rate: 81.5%,16.052060737527114,-0.02666666666666667,-0.21333333333333335,0.14666666666666667,Never Significant
4,Empirical Bayes – Global,Replication Rate: 81.5%,16.702819956616054,0.06666666666666667,-0.10666666666666667,0.17333333333333334,Not Replicated
4,Empirical Bayes – Global,Replication Rate: 81.5%,17.35357917570499,0.19333333333333333,-0.05333333333333334,0.3333333333333333,Never Significant
4,Empirical Bayes – Global,Replication Rate: 81.5%,18.004338394793926,0.1,-0.02666666666666667,0.28,Not Replicated
4,Empirical Bayes – Global,Replication Rate: 81.5%,18.655097613882862,0.13333333333333333,-0.02666666666666667,0.36,Not Replicated
4,Empirical Bayes – Global,Replication Rate: 81.5%,19.305856832971802,0.04666666666666667,-0.14666666666666667,0.3466666666666667,Not Replicated
4,Empirical Bayes – Global,Replication Rate: 81.5%,19.95661605206074,0.08,-0.14666666666666667,0.25333333333333335,Not Replicated
4,Empirical Bayes – Global,Replication Rate: 81.5%,20.607375271149674,0.14666666666666667,0.02666666666666667,0.3333333333333333,Never Significant
4,Empirical Bayes – Global,Replication Rate: 81.5%,21.25813449023861,0.08666666666666667,-0.08,0.26666666666666666,Not Replicated
4,Empirical Bayes – Global,Replication Rate: 81.5%,21.908893709327547,0.11333333333333333,-0.08,0.30666666666666664,Not Replicated
4,Empirical Bayes – Global,Replication Rate: 81.5%,22.559652928416483,0.2,0.013333333333333334,0.30666666666666664,Replicated
4,Empirical Bayes – Global,Replication Rate: 81.5%,23.210412147505423,0.21333333333333335,0.013333333333333334,0.37333333333333335,Replicated
4,Empirical Bayes – Global,Replication Rate: 81.5%,23.861171366594363,0.16666666666666666,-0.013333333333333334,0.36,Never Significant
4,Empirical Bayes – Global,Replication Rate: 81.5%,24.5119305856833,0.06,-0.13333333333333333,0.21333333333333335,Not Replicated
4,Empirical Bayes – Global,Replication Rate: 81.5%,25.16268980477224,0.05333333333333334,-0.13333333333333333,0.21333333333333335,Not Replicated
4,Empirical Bayes – Global,Replication Rate: 81.5%,25.813449023861175,0.18666666666666668,0.02666666666666667,0.3333333333333333,Replicated
4,Empirical Bayes – Global,Replication Rate: 81.5%,26.46420824295011,0.12,-0.04,0.26666666666666666,Not Replicated
4,Empirical Bayes – Global,Replication Rate: 81.5%,27.114967462039047,0.19333333333333333,0.06666666666666667,0.37333333333333335,Replicated
4,Empirical Bayes – Global,Replication Rate: 81.5%,27.765726681127983,0.22666666666666666,0.06666666666666667,0.41333333333333333,Replicated
4,Empirical Bayes – Global,Replication Rate: 81.5%,28.41648590021692,0.24,0.06666666666666667,0.4,Replicated
4,Empirical Bayes – Global,Replication Rate: 81.5%,29.067245119305856,0.23333333333333334,0.05333333333333334,0.38666666666666666,Replicated
4,Empirical Bayes – Global,Replication Rate: 81.5%,29.718004338394792,0.22666666666666666,0.05333333333333334,0.38666666666666666,Replicated
4,Empirical Bayes – Global,Replication Rate: 81.5%,30.36876355748373,0.26666666666666666,0.0,0.37333333333333335,Never Significant
4,Empirical Bayes – Global,Replication Rate: 81.5%,31.019522776572668,0.17333333333333334,0.013333333333333334,0.36,Replicated
4,Empirical Bayes – Global,Replication Rate: 81.5%,31.670281995661604,0.32,0.013333333333333334,0.49333333333333335,Replicated
4,Empirical Bayes – Global,Replication Rate: 81.5%,32.32104121475054,0.31333333333333335,0.17333333333333334,0.49333333333333335,Replicated
4,Empirical Bayes – Global,Replication Rate: 81.5%,32.97180043383948,0.12,-0.02666666666666667,0.28,Not Replicated
4,Empirical Bayes – Global,Replication Rate: 81.5%,33.622559652928416,0.28,0.12,0.41333333333333333,Replicated
4,Empirical Bayes – Global,Replication Rate: 81.5%,34.273318872017356,0.2733333333333333,0.06666666666666667,0.44,Replicated
4,Empirical Bayes – Global,Replication Rate: 81.5%,34.924078091106296,0.4066666666666667,0.06666666666666667,0.56,Replicated
4,Empirical Bayes – Global,Replication Rate: 81.5%,35.57483731019523,0.26,0.0,0.56,Replicated
4,Empirical Bayes – Global,Replication Rate: 81.5%,36.22559652928417,0.16666666666666666,0.0,0.38666666666666666,Replicated
4,Empirical Bayes – Global,Replication Rate: 81.5%,36.8763557483731,0.22,0.0,0.44,Replicated
4,Empirical Bayes – Global,Replication Rate: 81.5%,37.52711496746204,0.26,0.12,0.44,Replicated
4,Empirical Bayes – Global,Replication Rate: 81.5%,38.17787418655097,0.24,0.08,0.4,Replicated
4,Empirical Bayes – Global,Replication Rate: 81.5%,38.82863340563991,0.23333333333333334,0.06666666666666667,0.37333333333333335,Replicated
4,Empirical Bayes – Global,Replication Rate: 81.5%,39.479392624728845,0.22666666666666666,0.05333333333333334,0.38666666666666666,Replicated
4,Empirical Bayes – Global,Replication Rate: 81.5%,40.130151843817785,0.24,0.05333333333333334,0.4533333333333333,Replicated
4,Empirical Bayes – Global,Replication Rate: 81.5%,40.780911062906725,0.25333333333333335,0.12,0.4533333333333333,Replicated
4,Empirical Bayes – Global,Replication Rate: 81.5%,41.431670281995665,0.20666666666666667,0.013333333333333334,0.4,Never Significant
4,Empirical Bayes – Global,Replication Rate: 81.5%,42.0824295010846,0.23333333333333334,0.013333333333333334,0.41333333333333333,Never Significant
4,Empirical Bayes – Global,Replication Rate: 81.5%,42.73318872017354,0.24666666666666667,0.06666666666666667,0.5733333333333334,Replicated
4,Empirical Bayes – Global,Replication Rate: 81.5%,43.38394793926248,0.38,0.13333333333333333,0.5733333333333334,Replicated
4,Empirical Bayes – Global,Replication Rate: 81.5%,44.03470715835141,0.34,0.13333333333333333,0.49333333333333335,Replicated
4,Empirical Bayes – Global,Replication Rate: 81.5%,44.68546637744035,0.31333333333333335,0.06666666666666667,0.49333333333333335,Replicated
4,Empirical Bayes – Global,Replication Rate: 81.5%,45.33622559652928,0.28,0.06666666666666667,0.48,Replicated
4,Empirical Bayes – Global,Replication Rate: 81.5%,45.98698481561822,0.3,0.17333333333333334,0.48,Replicated
4,Empirical Bayes – Global,Replication Rate: 81.5%,46.637744034707154,0.30666666666666664,0.10666666666666667,0.4533333333333333,Replicated
4,Empirical Bayes – Global,Replication Rate: 81.5%,47.288503253796094,0.3,0.10666666666666667,0.4666666666666667,Replicated
4,Empirical Bayes – Global,Replication Rate: 81.5%,47.939262472885034,0.31333333333333335,0.14666666666666667,0.4666666666666667,Replicated
4,Empirical Bayes – Global,Replication Rate: 81.5%,48.590021691973966,0.32,0.13333333333333333,0.5466666666666666,Replicated
4,Empirical Bayes – Global,Replication Rate: 81.5%,49.240780911062906,0.3333333333333333,0.18666666666666668,0.5466666666666666,Replicated
4,Empirical Bayes – Global,Replication Rate: 81.5%,49.891540130151846,0.31333333333333335,0.04,0.4666666666666667,Replicated
4,Empirical Bayes – Global,Replication Rate: 81.5%,50.542299349240785,0.30666666666666664,0.02666666666666667,0.48,Replicated
4,Empirical Bayes – Global,Replication Rate: 81.5%,51.19305856832972,0.34,0.16,0.49333333333333335,Replicated
4,Empirical Bayes – Global,Replication Rate: 81.5%,51.84381778741866,0.36,0.21333333333333335,0.5333333333333333,Replicated
4,Empirical Bayes – Global,Replication Rate: 81.5%,52.49457700650759,0.36666666666666664,0.21333333333333335,0.5466666666666666,Replicated
4,Empirical Bayes – Global,Replication Rate: 81.5%,53.14533622559653,0.37333333333333335,0.21333333333333335,0.5466666666666666,Replicated
4,Empirical Bayes – Global,Replication Rate: 81.5%,53.79609544468546,0.3933333333333333,0.22666666666666666,0.56,Replicated
4,Empirical Bayes – Global,Replication Rate: 81.5%,54.4468546637744,0.4066666666666667,0.2,0.6133333333333333,Replicated
4,Empirical Bayes – Global,Replication Rate: 81.5%,55.09761388286334,0.38,0.17333333333333334,0.5733333333333334,Replicated
4,Empirical Bayes – Global,Replication Rate: 81.5%,55.748373101952275,0.3333333333333333,0.05333333333333334,0.48,Replicated
4,Empirical Bayes – Global,Replication Rate: 81.5%,56.399132321041215,0.25333333333333335,0.05333333333333334,0.41333333333333333,Replicated
4,Empirical Bayes – Global,Replication Rate: 81.5%,57.04989154013015,0.36,0.18666666666666668,0.5466666666666666,Replicated
4,Empirical Bayes – Global,Replication Rate: 81.5%,57.70065075921909,0.37333333333333335,0.24,0.5466666666666666,Replicated
4,Empirical Bayes – Global,Replication Rate: 81.5%,58.35140997830802,0.35333333333333333,0.18666666666666668,0.56,Replicated
4,Empirical Bayes – Global,Replication Rate: 81.5%,59.00216919739696,0.37333333333333335,0.2,0.56,Replicated
4,Empirical Bayes – Global,Replication Rate: 81.5%,59.65292841648589,0.3933333333333333,0.21333333333333335,0.5733333333333334,Replicated
4,Empirical Bayes – Global,Replication Rate: 81.5%,60.30368763557483,0.42,0.24,0.5866666666666667,Replicated
4,Empirical Bayes – Global,Replication Rate: 81.5%,60.95444685466378,0.38666666666666666,0.25333333333333335,0.5466666666666666,Replicated
4,Empirical Bayes – Global,Replication Rate: 81.5%,61.60520607375272,0.38666666666666666,0.21333333333333335,0.52,Replicated
4,Empirical Bayes – Global,Replication Rate: 81.5%,62.25596529284165,0.38666666666666666,0.24,0.52,Replicated
4,Empirical Bayes – Global,Replication Rate: 81.5%,62.90672451193059,0.4,0.26666666666666666,0.56,Replicated
4,Empirical Bayes – Global,Replication Rate: 81.5%,63.55748373101952,0.36,0.21333333333333335,0.5466666666666666,Replicated
4,Empirical Bayes – Global,Replication Rate: 81.5%,64.20824295010846,0.3466666666666667,0.13333333333333333,0.4533333333333333,Replicated
4,Empirical Bayes – Global,Replication Rate: 81.5%,64.8590021691974,0.4,0.25333333333333335,0.5466666666666666,Replicated
4,Empirical Bayes – Global,Replication Rate: 81.5%,65.50976138828634,0.42,0.21333333333333335,0.5866666666666667,Never Significant
4,Empirical Bayes – Global,Replication Rate: 81.5%,66.16052060737528,0.4266666666666667,0.28,0.5866666666666667,Replicated
4,Empirical Bayes – Global,Replication Rate: 81.5%,66.81127982646422,0.42,0.28,0.5733333333333334,Replicated
4,Empirical Bayes – Global,Replication Rate: 81.5%,67.46203904555314,0.38,0.14666666666666667,0.48,Replicated
4,Empirical Bayes – Global,Replication Rate: 81.5%,68.11279826464208,0.4066666666666667,0.22666666666666666,0.6,Replicated
4,Empirical Bayes – Global,Replication Rate: 81.5%,68.76355748373102,0.41333333333333333,0.28,0.56,Replicated
4,Empirical Bayes – Global,Replication Rate: 81.5%,69.41431670281996,0.44,0.26666666666666666,0.6,Replicated
4,Empirical Bayes – Global,Replication Rate: 81.5%,70.06507592190889,0.44666666666666666,0.28,0.6266666666666667,Replicated
4,Empirical Bayes – Global,Replication Rate: 81.5%,70.71583514099783,0.44,0.29333333333333333,0.6133333333333333,Replicated
4,Empirical Bayes – Global,Replication Rate: 81.5%,71.36659436008676,0.4066666666666667,0.18666666666666668,0.5333333333333333,Replicated
4,Empirical Bayes – Global,Replication Rate: 81.5%,72.0173535791757,0.43333333333333335,0.18666666666666668,0.64,Replicated
4,Empirical Bayes – Global,Replication Rate: 81.5%,72.66811279826464,0.44,0.3333333333333333,0.6,Replicated
4,Empirical Bayes – Global,Replication Rate: 81.5%,73.31887201735357,0.44,0.21333333333333335,0.5866666666666667,Replicated
4,Empirical Bayes – Global,Replication Rate: 81.5%,73.96963123644251,0.4266666666666667,0.22666666666666666,0.6533333333333333,Replicated
4,Empirical Bayes – Global,Replication Rate: 81.5%,74.62039045553145,0.41333333333333333,0.21333333333333335,0.6266666666666667,Replicated
4,Empirical Bayes – Global,Replication Rate: 81.5%,75.27114967462039,0.4533333333333333,0.21333333333333335,0.6266666666666667,Replicated
4,Empirical Bayes – Global,Replication Rate: 81.5%,75.92190889370933,0.4666666666666667,0.26666666666666666,0.6666666666666666,Replicated
4,Empirical Bayes – Global,Replication Rate: 81.5%,76.57266811279827,0.43333333333333335,0.26666666666666666,0.6666666666666666,Replicated
4,Empirical Bayes – Global,Replication Rate: 81.5%,77.22342733188721,0.4266666666666667,0.26666666666666666,0.5866666666666667,Replicated
4,Empirical Bayes – Global,Replication Rate: 81.5%,77.87418655097615,0.4866666666666667,0.29333333333333333,0.68,Replicated
4,Empirical Bayes – Global,Replication Rate: 81.5%,78.52494577006507,0.49333333333333335,0.3333333333333333,0.68,Replicated
4,Empirical Bayes – Global,Replication Rate: 81.5%,79.17570498915401,0.5066666666666667,0.3333333333333333,0.68,Replicated
4,Empirical Bayes – Global,Replication Rate: 81.5%,79.82646420824295,0.5133333333333333,0.36,0.68,Replicated
4,Empirical Bayes – Global,Replication Rate: 81.5%,80.4772234273319,0.5,0.36,0.68,Replicated
4,Empirical Bayes – Global,Replication Rate: 81.5%,81.12798264642083,0.5,0.32,0.6666666666666666,Replicated
4,Empirical Bayes – Global,Replication Rate: 81.5%,81.77874186550976,0.5466666666666666,0.32,0.7066666666666667,Replicated
4,Empirical Bayes – Global,Replication Rate: 81.5%,82.4295010845987,0.54,0.38666666666666666,0.7066666666666667,Replicated
4,Empirical Bayes – Global,Replication Rate: 81.5%,83.08026030368764,0.52,0.37333333333333335,0.7066666666666667,Replicated
4,Empirical Bayes – Global,Replication Rate: 81.5%,83.73101952277658,0.47333333333333333,0.28,0.6666666666666666,Replicated
4,Empirical Bayes – Global,Replication Rate: 81.5%,84.3817787418655,0.54,0.28,0.7333333333333333,Replicated
4,Empirical Bayes – Global,Replication Rate: 81.5%,85.03253796095444,0.5666666666666667,0.38666666666666666,0.7466666666666667,Replicated
4,Empirical Bayes – Global,Replication Rate: 81.5%,85.68329718004338,0.49333333333333335,0.32,0.7466666666666667,Replicated
4,Empirical Bayes – Global,Replication Rate: 81.5%,86.33405639913232,0.5,0.3333333333333333,0.68,Replicated
4,Empirical Bayes – Global,Replication Rate: 81.5%,86.98481561822126,0.5333333333333333,0.3333333333333333,0.72,Replicated
4,Empirical Bayes – Global,Replication Rate: 81.5%,87.63557483731019,0.54,0.36,0.72,Replicated
4,Empirical Bayes – Global,Replication Rate: 81.5%,88.28633405639913,0.52,0.36,0.72,Replicated
4,Empirical Bayes – Global,Replication Rate: 81.5%,88.93709327548807,0.5266666666666666,0.36,0.7066666666666667,Replicated
4,Empirical Bayes – Global,Replication Rate: 81.5%,89.587852494577,0.54,0.37333333333333335,0.72,Replicated
4,Empirical Bayes – Global,Replication Rate: 81.5%,90.23861171366593,0.5466666666666666,0.37333333333333335,0.72,Replicated
4,Empirical Bayes – Global,Replication Rate: 81.5%,90.88937093275487,0.5533333333333333,0.4,0.7466666666666667,Replicated
4,Empirical Bayes – Global,Replication Rate: 81.5%,91.54013015184381,0.58,0.4,0.8666666666666667,Replicated
4,Empirical Bayes – Global,Replication Rate: 81.5%,92.19088937093277,0.5733333333333334,0.4,0.8666666666666667,Replicated
4,Empirical Bayes – Global,Replication Rate: 81.5%,92.84164859002169,0.5666666666666667,0.37333333333333335,0.76,Replicated
4,Empirical Bayes – Global,Replication Rate: 81.5%,93.49240780911063,0.6,0.37333333333333335,0.8666666666666667,Replicated
4,Empirical Bayes – Global,Replication Rate: 81.5%,94.14316702819957,0.6666666666666666,0.48,0.88,Replicated
4,Empirical Bayes – Global,Replication Rate: 81.5%,94.79392624728851,0.6333333333333333,0.4666666666666667,0.8,Replicated
4,Empirical Bayes – Global,Replication Rate: 81.5%,95.44468546637745,0.6266666666666667,0.4666666666666667,0.7866666666666666,Replicated
4,Empirical Bayes – Global,Replication Rate: 81.5%,96.09544468546638,0.6266666666666667,0.4666666666666667,0.8933333333333333,Replicated
4,Empirical Bayes – Global,Replication Rate: 81.5%,96.74620390455532,0.64,0.48,0.8933333333333333,Replicated
4,Empirical Bayes – Global,Replication Rate: 81.5%,97.39696312364426,0.66,0.48,0.8133333333333334,Replicated
4,Empirical Bayes – Global,Replication Rate: 81.5%,98.0477223427332,0.6533333333333333,0.48,0.84,Replicated
4,Empirical Bayes – Global,Replication Rate: 81.5%,98.69848156182212,0.7066666666666667,0.49333333333333335,0.9333333333333333,Replicated
4,Empirical Bayes – Global,Replication Rate: 81.5%,99.34924078091106,0.88,0.5866666666666667,1.0933333333333333,Replicated
