panel,panel_order,month,estimate,lower,upper
panel_1,1,0,-0.00352501,-0.00721355,0.00016353
panel_1,1,1,-0.00413977,-0.00868897,0.00028648
panel_1,1,2,-0.00610699,-0.01139390,-0.00106599
panel_1,1,3,-0.00868897,-0.01360702,-0.00377092
panel_1,1,4,-0.00758241,-0.01286932,-0.00229550
panel_1,1,5,-0.00709060,-0.01237751,-0.00204960
panel_1,1,6,-0.00795126,-0.01323817,-0.00229550
panel_1,1,7,-0.00696765,-0.01262341,-0.00118894
panel_1,1,8,-0.00610699,-0.01163980,-0.00045123
panel_1,1,9,-0.00500043,-0.01102505,0.00114714
panel_1,1,10,-0.00413977,-0.01016439,0.00176189
panel_1,1,11,-0.00549224,-0.01151685,0.00028648
panel_1,1,12,-0.00407830,-0.01041029,0.00200780
panel_1,1,13,-0.00192665,-0.00745946,0.00336026
panel_1,1,14,-0.00229550,-0.00758241,0.00299141
panel_1,1,15,-0.00143484,-0.00672175,0.00360616
panel_1,1,16,-0.00131189,-0.00598404,0.00348321
panel_1,1,17,-0.00155779,-0.00610699,0.00299141
panel_1,1,18,-0.00094304,-0.00573814,0.00348321
panel_1,1,19,-0.00069713,-0.00500043,0.00360616
panel_1,1,20,-0.00118894,-0.00536928,0.00311436
panel_1,1,21,-0.00063566,-0.00475453,0.00323731
panel_1,1,22,-0.00057418,-0.00413977,0.00311436
panel_1,1,23,-0.00082009,-0.00426272,0.00262255
panel_1,1,24,-0.00045123,-0.00377092,0.00262255
panel_1,1,25,-0.00069713,-0.00364797,0.00237665
panel_1,1,26,-0.00057418,-0.00352501,0.00200780
panel_1,1,27,-0.00045123,-0.00303321,0.00213075
panel_1,1,28,-0.00051271,-0.00291026,0.00188484
panel_1,1,29,-0.00032828,-0.00266436,0.00188484
panel_1,1,30,-0.00020533,-0.00229550,0.00188484
panel_1,1,31,-0.00008238,-0.00217255,0.00188484
panel_1,1,32,0.00004057,-0.00192665,0.00200780
panel_1,1,33,0.00016353,-0.00168074,0.00213075
panel_1,1,34,0.00028648,-0.00155779,0.00225370
panel_1,1,35,0.00053238,-0.00143484,0.00249960
panel_1,1,36,0.00071681,-0.00106599,0.00249960
panel_2,2,0,0.00047090,-0.00008238,0.00102418
panel_2,2,1,0.00016353,-0.00082009,0.00102418
panel_2,2,2,-0.00045123,-0.00168074,0.00065533
panel_2,2,3,-0.00125041,-0.00266436,0.00004057
panel_2,2,4,-0.00168074,-0.00291026,-0.00032828
panel_2,2,5,-0.00168074,-0.00327911,-0.00032828
panel_2,2,6,-0.00192665,-0.00340206,-0.00020533
panel_2,2,7,-0.00168074,-0.00340206,0.00016353
panel_2,2,8,-0.00131189,-0.00315616,0.00065533
panel_2,2,9,-0.00106599,-0.00291026,0.00090123
panel_2,2,10,-0.00094304,-0.00291026,0.00102418
panel_2,2,11,-0.00106599,-0.00303321,0.00090123
panel_2,2,12,-0.00112746,-0.00303321,0.00077828
panel_2,2,13,-0.00112746,-0.00315616,0.00090123
panel_2,2,14,-0.00118894,-0.00327911,0.00077828
panel_2,2,15,-0.00125041,-0.00327911,0.00077828
panel_2,2,16,-0.00118894,-0.00327911,0.00090123
panel_2,2,17,-0.00106599,-0.00315616,0.00102418
panel_2,2,18,-0.00082009,-0.00291026,0.00114714
panel_2,2,19,-0.00075861,-0.00278731,0.00127009
panel_2,2,20,-0.00069713,-0.00266436,0.00127009
panel_2,2,21,-0.00057418,-0.00254140,0.00127009
panel_2,2,22,-0.00045123,-0.00241845,0.00127009
panel_2,2,23,-0.00032828,-0.00217255,0.00139304
panel_2,2,24,-0.00020533,-0.00192665,0.00139304
panel_2,2,25,-0.00008238,-0.00180370,0.00151599
panel_2,2,26,0.00004057,-0.00155779,0.00151599
panel_2,2,27,0.00016353,-0.00131189,0.00163894
panel_2,2,28,0.00028648,-0.00106599,0.00163894
panel_2,2,29,0.00040943,-0.00094304,0.00176189
panel_2,2,30,0.00053238,-0.00082009,0.00176189
panel_2,2,31,0.00065533,-0.00057418,0.00188484
panel_2,2,32,0.00077828,-0.00045123,0.00188484
panel_2,2,33,0.00077828,-0.00032828,0.00200780
panel_2,2,34,0.00090123,-0.00032828,0.00200780
panel_2,2,35,0.00096271,-0.00020533,0.00213075
panel_2,2,36,0.00102418,-0.00020533,0.00213075
panel_3,3,0,-0.00358649,-0.00721355,0.00016353
panel_3,3,1,-0.00438567,-0.00881192,0.00016353
panel_3,3,2,-0.00622994,-0.01114800,-0.00143484
panel_3,3,3,-0.00702913,-0.01176275,-0.00168074
panel_3,3,4,-0.00549224,-0.01004143,-0.00094304
panel_3,3,5,-0.00555371,-0.01028734,-0.00094304
panel_3,3,6,-0.00586109,-0.01065619,-0.00082009
panel_3,3,7,-0.00500043,-0.00979553,-0.00045123
panel_3,3,8,-0.00463158,-0.00930373,0.00016353
panel_3,3,9,-0.00370944,-0.00881192,0.00139304
panel_3,3,10,-0.00327911,-0.00868897,0.00188484
panel_3,3,11,-0.00389387,-0.00918078,0.00102418
panel_3,3,12,-0.00204960,-0.00709060,0.00286845
panel_3,3,13,-0.00045123,-0.00450863,0.00360616
panel_3,3,14,-0.00051271,-0.00475453,0.00360616
panel_3,3,15,0.00028648,-0.00327911,0.00385206
panel_3,3,16,-0.00008238,-0.00327911,0.00336026
panel_3,3,17,-0.00020533,-0.00340206,0.00299141
panel_3,3,18,0.00034795,-0.00278731,0.00336026
panel_3,3,19,0.00028648,-0.00266436,0.00336026
panel_3,3,20,0.00004057,-0.00266436,0.00286845
panel_3,3,21,0.00065533,-0.00180370,0.00311436
panel_3,3,22,0.00053238,-0.00180370,0.00286845
panel_3,3,23,0.00028648,-0.00180370,0.00225370
panel_3,3,24,0.00040943,-0.00155779,0.00237665
panel_3,3,25,-0.00002090,-0.00168074,0.00176189
panel_3,3,26,0.00004057,-0.00143484,0.00151599
panel_3,3,27,0.00004057,-0.00131189,0.00151599
panel_3,3,28,-0.00008238,-0.00143484,0.00127009
panel_3,3,29,0.00004057,-0.00118894,0.00127009
panel_3,3,30,0.00004057,-0.00106599,0.00127009
panel_3,3,31,-0.00002090,-0.00118894,0.00102418
panel_3,3,32,-0.00002090,-0.00106599,0.00114714
panel_3,3,33,-0.00008238,-0.00106599,0.00102418
panel_3,3,34,-0.00008238,-0.00118894,0.00102418
panel_3,3,35,0.00004057,-0.00094304,0.00102418
panel_3,3,36,0.00010205,-0.00082009,0.00102418
panel_4,4,0,-0.00296041,-0.00680043,0.00099960
panel_4,4,1,-0.00278041,-0.00740043,0.00159961
panel_4,4,2,-0.00386042,-0.00908044,0.00099960
panel_4,4,3,-0.00548042,-0.01040044,-0.00092040
panel_4,4,4,-0.00608042,-0.01088044,-0.00152041
panel_4,4,5,-0.00620042,-0.01112044,-0.00092040
panel_4,4,6,-0.00524042,-0.01100044,0.00075960
panel_4,4,7,-0.00392042,-0.00956044,0.00171961
panel_4,4,8,-0.00392042,-0.00992044,0.00243961
panel_4,4,9,-0.00182041,-0.00848043,0.00519962
panel_4,4,10,-0.00020040,-0.00620042,0.00591962
panel_4,4,11,0.00105960,-0.00512042,0.00723963
panel_4,4,12,0.00183961,-0.00440042,0.00771963
panel_4,4,13,0.00231961,-0.00284041,0.00759963
panel_4,4,14,0.00147961,-0.00332041,0.00651963
panel_4,4,15,0.00183961,-0.00284041,0.00615962
panel_4,4,16,0.00195961,-0.00200041,0.00615962
panel_4,4,17,0.00159961,-0.00212041,0.00555962
panel_4,4,18,0.00171961,-0.00200041,0.00507962
panel_4,4,19,0.00141961,-0.00200041,0.00495962
panel_4,4,20,0.00099960,-0.00212041,0.00399962
panel_4,4,21,0.00123960,-0.00164041,0.00399962
panel_4,4,22,0.00063960,-0.00188041,0.00351961
panel_4,4,23,0.00033960,-0.00188041,0.00267961
panel_4,4,24,0.00039960,-0.00164041,0.00231961
panel_4,4,25,0.00003960,-0.00164041,0.00195961
panel_4,4,26,0.00003960,-0.00140041,0.00147961
panel_4,4,27,0.00003960,-0.00140041,0.00135961
panel_4,4,28,-0.00020040,-0.00140041,0.00099960
panel_4,4,29,-0.00020040,-0.00128041,0.00087960
panel_4,4,30,-0.00020040,-0.00140041,0.00087960
panel_4,4,31,-0.00032040,-0.00140041,0.00075960
panel_4,4,32,-0.00020040,-0.00128041,0.00087960
panel_4,4,33,-0.00014040,-0.00128041,0.00099960
panel_4,4,34,-0.00008040,-0.00128041,0.00111960
panel_4,4,35,0.00003960,-0.00116040,0.00123960
panel_4,4,36,0.00009960,-0.00104040,0.00123960
panel_5,5,0,0.00021960,-0.00044040,0.00063960
panel_5,5,1,-0.00020040,-0.00140041,0.00063960
panel_5,5,2,-0.00068040,-0.00188041,0.00027960
panel_5,5,3,-0.00104040,-0.00236041,-0.00008040
panel_5,5,4,-0.00116040,-0.00248041,0.00003960
panel_5,5,5,-0.00116040,-0.00260041,0.00027960
panel_5,5,6,-0.00104040,-0.00260041,0.00063960
panel_5,5,7,-0.00056040,-0.00236041,0.00135961
panel_5,5,8,-0.00020040,-0.00212041,0.00195961
panel_5,5,9,0.00039960,-0.00152041,0.00243961
panel_5,5,10,0.00063960,-0.00116040,0.00255961
panel_5,5,11,0.00075960,-0.00116040,0.00279961
panel_5,5,12,0.00075960,-0.00116040,0.00279961
panel_5,5,13,0.00075960,-0.00116040,0.00279961
panel_5,5,14,0.00063960,-0.00128041,0.00279961
panel_5,5,15,0.00063960,-0.00128041,0.00255961
panel_5,5,16,0.00063960,-0.00128041,0.00243961
panel_5,5,17,0.00075960,-0.00104040,0.00255961
panel_5,5,18,0.00087960,-0.00080040,0.00255961
panel_5,5,19,0.00099960,-0.00068040,0.00255961
panel_5,5,20,0.00099960,-0.00044040,0.00243961
panel_5,5,21,0.00105960,-0.00032040,0.00243961
panel_5,5,22,0.00105960,-0.00020040,0.00231961
panel_5,5,23,0.00105960,-0.00008040,0.00231961
panel_5,5,24,0.00099960,-0.00008040,0.00207961
panel_5,5,25,0.00099960,0.00003960,0.00195961
panel_5,5,26,0.00099960,0.00003960,0.00183961
panel_5,5,27,0.00087960,0.00003960,0.00183961
panel_5,5,28,0.00087960,0.00003960,0.00171961
panel_5,5,29,0.00075960,0.00003960,0.00159961
panel_5,5,30,0.00075960,-0.00008040,0.00159961
panel_5,5,31,0.00063960,-0.00020040,0.00147961
panel_5,5,32,0.00063960,-0.00032040,0.00147961
panel_5,5,33,0.00051960,-0.00032040,0.00135961
panel_5,5,34,0.00039960,-0.00044040,0.00135961
panel_5,5,35,0.00039960,-0.00056040,0.00135961
panel_5,5,36,0.00033960,-0.00056040,0.00123960
panel_6,6,0,-0.00284041,-0.00656043,0.00123960
panel_6,6,1,-0.00224041,-0.00644043,0.00195961
panel_6,6,2,-0.00302041,-0.00776043,0.00147961
panel_6,6,3,-0.00440042,-0.00896044,-0.00008040
panel_6,6,4,-0.00500042,-0.00944044,-0.00080040
panel_6,6,5,-0.00524042,-0.00956044,-0.00080040
panel_6,6,6,-0.00464042,-0.00944044,0.00039960
panel_6,6,7,-0.00380042,-0.00872043,0.00111960
panel_6,6,8,-0.00416042,-0.00932044,0.00087960
panel_6,6,9,-0.00260041,-0.00812043,0.00315961
panel_6,6,10,-0.00110040,-0.00620042,0.00387962
panel_6,6,11,0.00015960,-0.00500042,0.00507962
panel_6,6,12,0.00087960,-0.00428042,0.00555962
panel_6,6,13,0.00159961,-0.00200041,0.00531962
panel_6,6,14,0.00087960,-0.00248041,0.00423962
panel_6,6,15,0.00135961,-0.00188041,0.00423962
panel_6,6,16,0.00159961,-0.00104040,0.00423962
panel_6,6,17,0.00123960,-0.00116040,0.00363961
panel_6,6,18,0.00147961,-0.00080040,0.00351961
panel_6,6,19,0.00129961,-0.00092040,0.00351961
panel_6,6,20,0.00099960,-0.00104040,0.00303961
panel_6,6,21,0.00123960,-0.00056040,0.00303961
panel_6,6,22,0.00075960,-0.00104040,0.00267961
panel_6,6,23,0.00051960,-0.00104040,0.00207961
panel_6,6,24,0.00051960,-0.00080040,0.00195961
panel_6,6,25,0.00027960,-0.00080040,0.00159961
panel_6,6,26,0.00027960,-0.00068040,0.00123960
panel_6,6,27,0.00027960,-0.00080040,0.00123960
panel_6,6,28,0.00003960,-0.00080040,0.00087960
panel_6,6,29,0.00003960,-0.00068040,0.00075960
panel_6,6,30,-0.00008040,-0.00080040,0.00075960
panel_6,6,31,-0.00014040,-0.00080040,0.00051960
panel_6,6,32,-0.00008040,-0.00080040,0.00051960
panel_6,6,33,-0.00008040,-0.00068040,0.00051960
panel_6,6,34,-0.00008040,-0.00068040,0.00051960
panel_6,6,35,0.00003960,-0.00056040,0.00051960
panel_6,6,36,-0.00002040,-0.00044040,0.00051960
